date,account_number,balance,transaction_value
2023-02-01,10005367,728.25,0.0
2023-02-01,10011977,676.54,0.0
2023-02-01,10024680,414.03,-153.43
2023-02-01,10031238,576.52,0.0
2023-02-01,10034341,390.39,0.0
2023-02-01,10079965,799.27,0.0
2023-02-01,10091076,2600.34,-27.27999999999999
2023-02-01,10231977,177.63,116.0
2023-02-01,10232603,858.23,125.68
2023-02-01,10243581,104.27,0.0
2023-02-01,10271519,50.02,0.0
2023-02-01,10273387,581.83,0.0
2023-02-01,10288821,642.41,0.0
2023-02-01,10295384,153.85,0.0
2023-02-01,10350324,861.81,0.0
2023-02-01,10437896,661.08,0.0
2023-02-01,10449180,277.23,48.99
2023-02-01,10464544,666.43,-89.56
2023-02-01,10473116,292.79,-94.91
2023-02-01,10521885,280.7,43.55
2023-02-01,10553619,1543.99,-40.58999999999999
2023-02-01,10554116,122.12,-121.83
2023-02-01,10586481,73.83,0.0
2023-02-01,10608220,1243.4099999999999,-55.919999999999995
2023-02-01,10631690,947.45,0.0
2023-02-01,10675607,170.63,-114.21
2023-02-01,10725127,984.69,0.0
2023-02-01,10769769,813.63,-93.28
2023-02-01,10783139,992.98,0.0
2023-02-01,10799356,915.04,0.0
2023-02-01,10819898,853.93,103.68
2023-02-01,10842511,651.77,0.0
2023-02-01,10847941,40.25,0.0
2023-02-01,10864084,119.98,0.0
2023-02-01,10942334,55.42,0.0
2023-02-01,10949168,471.8,0.0
2023-02-01,10989769,334.18,0.0
2023-02-01,11008868,271.3,0.0
2023-02-01,11026937,303.44,0.0
2023-02-01,11061291,-89.71,-162.41
2023-02-01,11067879,524.5400000000001,-625.59
2023-02-01,11110085,861.29,0.0
2023-02-01,11150945,1852.76,-105.10000000000002
2023-02-01,11228111,-11.84,-142.2
2023-02-01,11242986,184.28,-160.4
2023-02-01,11251776,504.02,0.0
2023-02-01,11302888,458.83,0.0
2023-02-01,11306584,574.4,52.0
2023-02-01,11333185,693.23,0.0
2023-02-01,11346696,661.99,0.0
2023-02-01,11359678,837.17,0.0
2023-02-01,11360263,236.81,100.02
2023-02-01,11368995,502.32,-63.48
2023-02-01,11437275,115.34,0.0
2023-02-01,11438427,484.08,0.0
2023-02-01,11463412,342.53,0.0
2023-02-01,11475827,412.27,48.39
2023-02-01,11522216,590.37,0.0
2023-02-01,11662506,406.04,-167.85
2023-02-01,11694020,379.2,0.0
2023-02-01,11717885,6.06,0.0
2023-02-01,11728970,711.65,0.0
2023-02-01,11736814,381.51,0.0
2023-02-01,11744491,609.97,255.14999999999998
2023-02-01,11764022,169.42,-117.24
2023-02-01,11778031,514.7,0.0
2023-02-01,11790056,243.85,24.480000000000004
2023-02-01,11804173,353.62,0.0
2023-02-01,11826060,782.13,0.0
2023-02-01,11831265,253.64000000000004,-335.84000000000003
2023-02-01,11836917,511.95,-138.19
2023-02-01,11846043,915.59,0.0
2023-02-01,11882775,-671.14,-1164.33
2023-02-01,11910409,160.79,-80.43
2023-02-01,11928523,818.51,0.0
2023-02-01,12035637,461.35,0.0
2023-02-01,12042151,336.44,0.0
2023-02-01,12088180,656.51,0.0
2023-02-01,12099406,586.14,-94.97
2023-02-01,12111805,1001.89,110.9
2023-02-01,12172627,550.41,0.0
2023-02-01,12185627,873.23,0.0
2023-02-01,12198380,445.46,0.0
2023-02-01,12199229,804.0,0.0
2023-02-01,12233762,386.05,0.0
2023-02-01,12240007,894.48,0.0
2023-02-01,12241820,207.29,0.0
2023-02-01,12388837,463.31,0.0
2023-02-01,12420291,578.47,0.0
2023-02-01,12423613,459.18,0.0
2023-02-01,12440230,842.67,0.0
2023-02-01,12493067,404.61,0.0
2023-02-01,12494185,762.16,0.0
2023-02-01,12499656,605.31,243.93
2023-02-01,12560453,232.63,147.6
2023-02-01,12583269,910.46,0.0
2023-02-01,12666385,1707.22,352.59999999999997
2023-02-01,12680102,674.64,0.0
2023-02-01,12725274,194.04,167.85
2023-02-01,12859818,240.28,89.22
2023-02-01,12899540,873.85,-83.35
2023-02-01,12964138,1261.83,46.13
2023-02-01,12985543,262.67,-140.27
2023-02-01,13058003,218.0,0.0
2023-02-01,13076932,419.47,0.0
2023-02-01,13117442,799.69,0.0
2023-02-01,13167285,396.09000000000003,-203.88
2023-02-01,13176075,67.3,0.0
2023-02-01,13182613,384.42,0.0
2023-02-01,13197335,1534.15,184.28
2023-02-01,13267945,299.77,0.0
2023-02-01,13274987,868.55,-33.51
2023-02-01,13277127,793.22,0.0
2023-02-01,13322659,536.37,-153.9
2023-02-01,13388069,13.45,0.0
2023-02-01,13426667,70.47,0.0
2023-02-01,13459523,814.31,0.0
2023-02-01,13474543,559.28,120.92
2023-02-01,13537427,609.54,52.56
2023-02-01,13551717,-1334.05,-1361.0
2023-02-01,13558846,1203.5,-43.730000000000004
2023-02-01,13563384,952.65,0.0
2023-02-01,13584908,162.0,0.0
2023-02-01,13610259,587.73,0.0
2023-02-01,13687711,757.76,0.0
2023-02-01,13713704,1.48,0.0
2023-02-01,13788234,302.78,0.0
2023-02-01,13945841,813.51,473.7
2023-02-01,13965360,299.46,0.0
2023-02-01,13997603,516.79,0.0
2023-02-01,14000447,541.73,97.79
2023-02-01,14014401,554.46,0.0
2023-02-01,14039438,94.52,0.0
2023-02-01,14045416,212.17,-53.46
2023-02-01,14052052,915.74,0.0
2023-02-01,14086187,340.59,0.0
2023-02-01,14103210,369.01,0.0
2023-02-01,14136082,302.02,82.18
2023-02-01,14144267,97.69,0.0
2023-02-01,14183437,779.47,0.0
2023-02-01,14253152,43.85,0.0
2023-02-01,14337606,561.8,0.0
2023-02-01,14355869,-723.44,-1052.6
2023-02-01,14397662,363.51,0.0
2023-02-01,14421453,964.14,150.38
2023-02-01,14448009,1604.17,-210.36
2023-02-01,14505806,1663.65,974.4
2023-02-01,14564252,263.39,0.0
2023-02-01,14592080,245.22,0.0
2023-02-01,14594928,470.64,0.0
2023-02-01,14600288,622.77,0.0
2023-02-01,14648004,580.33,14.790000000000006
2023-02-01,14685853,-97.17,-142.37
2023-02-01,14723713,378.07,0.0
2023-02-01,14749214,194.54,0.0
2023-02-01,14780986,286.05,105.85
2023-02-01,14812157,1180.04,645.5
2023-02-01,14840078,465.92,-118.24
2023-02-01,14866733,171.57,-77.78
2023-02-01,14897645,202.69,113.69
2023-02-01,14907946,845.72,0.0
2023-02-01,15033812,504.58,0.0
2023-02-01,15044055,204.3,0.0
2023-02-01,15052808,786.05,0.0
2023-02-01,15055504,339.94,0.0
2023-02-01,15077298,779.12,-158.57
2023-02-01,15100785,934.1,0.0
2023-02-01,15163829,458.6,0.0
2023-02-01,15258886,564.48,-124.86
2023-02-01,15265650,293.82,146.1
2023-02-01,15265700,849.74,19.88
2023-02-01,15290238,177.19,83.96
2023-02-01,15296624,1266.4,-138.91
2023-02-01,15324178,833.62,0.0
2023-02-01,15334737,726.73,217.35
2023-02-01,15377274,902.14,0.0
2023-02-01,15428008,131.02,0.0
2023-02-01,15468532,819.87,0.0
2023-02-01,15522788,52.64,-101.62
2023-02-01,15529292,265.35,-117.6
2023-02-01,15563919,401.63,-90.71
2023-02-01,15665459,68.94,0.0
2023-02-01,15668160,810.02,0.0
2023-02-01,15732629,975.81,0.0
2023-02-01,15768459,997.4,0.0
2023-02-01,15779976,129.01,0.0
2023-02-01,15793232,45.88,0.0
2023-02-01,15796180,755.58,0.0
2023-02-01,15801209,-686.46,-695.3
2023-02-01,15805500,230.39,0.0
2023-02-01,15810455,81.69,0.0
2023-02-01,15826579,-351.43,-948.2
2023-02-01,15830962,570.89,0.0
2023-02-01,15841031,579.98,0.0
2023-02-01,15899774,773.38,0.0
2023-02-01,15914466,436.62,0.0
2023-02-01,15918861,781.97,0.0
2023-02-01,15922706,478.87,0.0
2023-02-01,15944303,977.44,0.0
2023-02-01,15960008,455.42,0.0
2023-02-01,15980710,955.7,0.0
2023-02-01,16013218,322.63,0.0
2023-02-01,16026987,772.57,0.0
2023-02-01,16030234,-25.840000000000003,-282.13
2023-02-01,16063411,896.73,0.0
2023-02-01,16067516,494.33,0.0
2023-02-01,16087504,200.9,144.25
2023-02-01,16093178,96.62,0.0
2023-02-01,16118153,829.58,0.0
2023-02-01,16124993,148.14,0.0
2023-02-01,16152779,488.65999999999997,227.37
2023-02-01,16157014,957.82,99.09
2023-02-01,16181964,929.75,-49.69
2023-02-01,16191280,825.86,0.0
2023-02-01,16223952,222.18,0.0
2023-02-01,16229373,160.63,-96.26
2023-02-01,16270746,954.15,49.84
2023-02-01,16306280,921.83,0.0
2023-02-01,16312979,833.92,0.0
2023-02-01,16334793,297.75,0.0
2023-02-01,16453812,356.9,0.0
2023-02-01,16506904,495.49,-106.68
2023-02-01,16584745,-7.05,-136.51
2023-02-01,16628269,27.11,0.0
2023-02-01,16633794,263.05,0.0
2023-02-01,16676577,484.65,77.41
2023-02-01,16927652,623.36,-14.22
2023-02-01,16977372,494.39,-181.11
2023-02-01,16984772,823.43,0.0
2023-02-01,17024652,918.84,0.0
2023-02-01,17039422,941.44,0.0
2023-02-01,17051223,558.16,0.0
2023-02-01,17085651,945.51,0.0
2023-02-01,17138963,-1368.75,-1500.7
2023-02-01,17144855,1187.98,295.34000000000003
2023-02-01,17191420,848.06,130.78
2023-02-01,17228160,143.62,-886.51
2023-02-01,17264146,345.33,0.0
2023-02-01,17284705,64.03,-81.56
2023-02-01,17301178,311.47,0.0
2023-02-01,17434670,148.92,0.0
2023-02-01,17469776,443.18,0.0
2023-02-01,17483941,1212.81,-225.73000000000002
2023-02-01,17533114,274.53,0.0
2023-02-01,17534364,758.41,0.0
2023-02-01,17543122,681.64,0.0
2023-02-01,17644586,482.26,-55.49000000000001
2023-02-01,17648252,872.14,75.90000000000009
2023-02-01,17669623,163.19,0.0
2023-02-01,17692892,457.79,0.0
2023-02-01,17722231,877.21,-67.01
2023-02-01,17749893,1987.8899999999999,32.579999999999984
2023-02-01,17810734,348.22,0.0
2023-02-01,17840180,558.52,0.96
2023-02-01,17868317,533.8,-172.78
2023-02-01,17881363,415.27,0.0
2023-02-01,17925406,393.37,0.0
2023-02-01,17933377,189.05,0.0
2023-02-01,17938672,1007.94,102.95
2023-02-01,17939571,396.93,0.0
2023-02-01,17983851,1009.64,160.4
2023-02-01,18046225,205.83,0.0
2023-02-01,18052851,672.09,0.0
2023-02-01,18095448,73.28,0.0
2023-02-01,18133554,733.1,0.0
2023-02-01,18179400,768.78,0.0
2023-02-01,18185362,609.36,0.0
2023-02-01,18198770,108.23,0.0
2023-02-01,18305932,834.42,0.0
2023-02-01,18308848,570.65,0.0
2023-02-01,18346988,450.36,0.0
2023-02-01,18348734,432.35,-147.58
2023-02-01,18447548,673.65,99.41
2023-02-01,18451683,501.75,0.0
2023-02-01,18517970,709.95,0.0
2023-02-01,18563743,649.46,0.0
2023-02-01,18582171,732.99,0.0
2023-02-01,18584434,877.81,0.0
2023-02-01,18645136,674.96,120.09
2023-02-01,18685463,476.02,0.0
2023-02-01,18718399,716.22,0.0
2023-02-01,18850031,191.3,0.0
2023-02-01,18859451,441.04,0.0
2023-02-01,18899132,244.46,0.0
2023-02-01,18928638,150.95,0.0
2023-02-01,19001745,507.55,0.0
2023-02-01,19094015,623.08,74.43
2023-02-01,19154395,1634.48,630.16
2023-02-01,19160862,211.53,0.0
2023-02-01,19201987,624.55,0.0
2023-02-01,19216744,123.53,0.0
2023-02-01,19220216,628.89,0.0
2023-02-01,19242274,256.69,9.419999999999987
2023-02-01,19283264,301.31,0.0
2023-02-01,19315124,447.16,0.0
2023-02-01,19317267,51.87,0.0
2023-02-01,19334563,-249.15,-774.6
2023-02-01,19387921,840.31,-86.97
2023-02-01,19429964,694.43,0.0
2023-02-01,19432211,24.19,0.0
2023-02-01,19524427,579.16,0.0
2023-02-01,19530097,960.21,0.0
2023-02-01,19559937,4369.48,1413.98
2023-02-01,19574610,104.29,0.0
2023-02-01,19647966,849.89,0.0
2023-02-01,19686460,1235.1,818.4
2023-02-01,19705767,997.48,0.0
2023-02-01,19789505,1935.8,1041.9
2023-02-01,19836996,245.14,0.0
2023-02-01,19876635,1502.9,-182.44
2023-02-01,19920990,70.95,0.0
2023-02-01,19931073,404.96,0.0
2023-02-01,19956941,723.33,0.0
2023-02-01,19980716,432.98,0.0
2023-02-01,20015298,1112.33,158.51
2023-02-01,20067958,38.05,0.0
2023-02-01,20090784,482.62,0.0
2023-02-01,20117480,-15.71,-86.68
2023-02-01,20129535,590.26,143.85
2023-02-01,20176338,189.55,-100.02
2023-02-01,20242626,701.08,0.0
2023-02-01,20248053,565.28,0.0
2023-02-01,20263437,789.09,0.0
2023-02-01,20280759,838.7,0.0
2023-02-01,20287993,616.17,0.0
2023-02-01,20316429,697.84,0.0
2023-02-01,20345467,780.15,-72.35
2023-02-01,20369153,681.68,387.9
2023-02-01,20372310,366.41,0.0
2023-02-01,20413037,235.79,0.0
2023-02-01,20425065,866.77,0.0
2023-02-01,20464830,181.25,0.0
2023-02-01,20632572,286.44,0.0
2023-02-01,20704613,168.7,97.11
2023-02-01,20705548,184.81,0.0
2023-02-01,20720894,243.42,0.0
2023-02-01,20838578,620.7,0.0
2023-02-01,20849721,740.52,0.0
2023-02-01,20851460,931.67,0.0
2023-02-01,20878023,648.19,0.0
2023-02-01,20908067,607.53,0.0
2023-02-01,20991411,572.64,0.0
2023-02-01,20992354,5.08,-82.18
2023-02-01,21001872,31.76,0.0
2023-02-01,21032760,-95.77,-637.1
2023-02-01,21047777,699.12,0.0
2023-02-01,21142911,610.9,-103.99
2023-02-01,21293955,232.88,0.0
2023-02-01,21314767,678.73,-164.29000000000002
2023-02-01,21368735,136.1,-145.77
2023-02-01,21392412,708.46,0.0
2023-02-01,21464772,719.8,0.0
2023-02-01,21475060,354.98,0.0
2023-02-01,21515934,416.63,-126.75
2023-02-01,21550631,84.96,0.0
2023-02-01,21558805,586.63,0.0
2023-02-01,21601747,352.44,-58.18
2023-02-01,21618665,67.65,-223.94
2023-02-01,21646418,909.55,0.0
2023-02-01,21655728,761.31,0.0
2023-02-01,21675999,1002.59,109.32
2023-02-01,21694967,90.13,0.0
2023-02-01,21705004,496.88,0.0
2023-02-01,21711501,252.99,126.36
2023-02-01,21716351,800.95,0.0
2023-02-01,21719977,758.81,0.0
2023-02-01,21728352,733.87,0.0
2023-02-01,21749252,697.22,50.95
2023-02-01,21750371,329.19,0.0
2023-02-01,21816770,693.8,0.0
2023-02-01,21844169,460.47,-3.04
2023-02-01,21844651,525.16,0.0
2023-02-01,21881168,950.62,0.0
2023-02-01,21898016,117.42,0.0
2023-02-01,21918195,510.33,0.0
2023-02-01,21966927,511.1,0.0
2023-02-01,22027757,836.78,-337.34
2023-02-01,22035411,9.55,0.0
2023-02-01,22054113,398.02,33.36
2023-02-01,22063978,-24.859999999999957,-894.0899999999999
2023-02-01,22099256,523.78,0.0
2023-02-01,22137086,410.35,0.0
2023-02-01,22268314,-7.33,-160.38
2023-02-01,22292682,743.88,-130.44
2023-02-01,22298371,783.98,-107.18
2023-02-01,22341160,61.07,0.0
2023-02-01,22374612,554.31,0.0
2023-02-01,22391508,103.63,12.31
2023-02-01,22393008,753.5,0.0
2023-02-01,22403299,702.95,0.0
2023-02-01,22404690,726.06,0.0
2023-02-01,22412680,637.99,0.0
2023-02-01,22483300,763.23,0.0
2023-02-01,22683382,894.78,-92.35
2023-02-01,22696687,133.52,0.0
2023-02-01,22730750,1000.71,33.48
2023-02-01,22799719,481.26,0.0
2023-02-01,22830156,596.06,0.0
2023-02-01,22833010,587.79,-58.0
2023-02-01,22846221,688.6,-179.6
2023-02-01,22884864,521.87,0.0
2023-02-01,22888798,326.4,0.0
2023-02-01,22951653,432.25,17.61
2023-02-01,23030554,196.97,0.0
2023-02-01,23032852,475.21,0.0
2023-02-01,23045208,359.49,0.0
2023-02-01,23093541,326.05,0.0
2023-02-01,23124345,595.61,0.0
2023-02-01,23141588,281.28,0.0
2023-02-01,23231848,27.12,0.0
2023-02-01,23269253,1224.36,899.8
2023-02-01,23271383,633.3,0.0
2023-02-01,23289647,522.8,0.0
2023-02-01,23295106,429.31,89.15
2023-02-01,23310842,78.85,0.0
2023-02-01,23321929,408.3,0.0
2023-02-01,23325248,49.31,0.0
2023-02-01,23333877,525.23,-123.23
2023-02-01,23369902,846.7,129.91
2023-02-01,23415061,-30.9,-102.1
2023-02-01,23445508,373.43,0.0
2023-02-01,23479459,176.23,0.0
2023-02-01,23490922,934.35,0.0
2023-02-01,23498368,576.05,101.12
2023-02-01,23501735,562.17,0.0
2023-02-01,23580422,716.05,0.0
2023-02-01,23698615,316.68,0.0
2023-02-01,23736501,831.27,0.0
2023-02-01,23775829,771.57,0.0
2023-02-01,23815822,835.0,0.0
2023-02-01,23865100,201.44,0.0
2023-02-01,23920423,221.15,0.0
2023-02-01,23931414,126.7,0.0
2023-02-01,23932793,962.8,0.0
2023-02-01,23935849,888.11,0.0
2023-02-01,23942646,600.35,82.42
2023-02-01,23959928,878.83,0.0
2023-02-01,23962863,-292.73,-599.8
2023-02-01,23971753,170.77,0.0
2023-02-01,24010877,760.24,107.29
2023-02-01,24051672,429.37,0.0
2023-02-01,24076677,494.74,0.0
2023-02-01,24085667,327.2,78.1
2023-02-01,24113784,47.67,0.0
2023-02-01,24122572,924.02,0.0
2023-02-01,24123707,327.69,0.0
2023-02-01,24125563,1006.61,98.33
2023-02-01,24149353,487.27,0.0
2023-02-01,24150990,365.31,0.0
2023-02-01,24178466,330.91,0.0
2023-02-01,24184530,37.87,0.0
2023-02-01,24198488,578.35,0.0
2023-02-01,24250015,725.05,132.46
2023-02-01,24285988,783.9,0.0
2023-02-01,24298516,694.26,-74.43
2023-02-01,24299977,158.87,-383.45
2023-02-01,24308337,764.57,0.0
2023-02-01,24370240,562.94,-45.7
2023-02-01,24382889,14.23,0.0
2023-02-01,24406166,746.97,0.0
2023-02-01,24434457,385.3,0.0
2023-02-01,24462859,646.0,0.0
2023-02-01,24510213,142.59,0.0
2023-02-01,24513968,1583.55,1277.2
2023-02-01,24516638,426.16,0.0
2023-02-01,24519138,-65.81,-123.96
2023-02-01,24529850,800.79,0.0
2023-02-01,24531428,565.21,0.0
2023-02-01,24533829,309.42,118.62
2023-02-01,24533935,808.99,0.0
2023-02-01,24539679,768.68,0.0
2023-02-01,24577383,911.96,0.0
2023-02-01,24638469,758.38,-209.89
2023-02-01,24669065,574.3,0.0
2023-02-01,24715803,684.75,0.0
2023-02-01,24725325,567.17,0.0
2023-02-01,24796881,943.93,0.0
2023-02-01,24826358,923.46,0.0
2023-02-01,24849103,297.95,-83.41
2023-02-01,24859951,950.69,0.0
2023-02-01,24860683,868.75,-114.22
2023-02-01,24976861,1074.48,91.95
2023-02-01,24999129,750.61,0.0
2023-02-01,25004339,120.44,0.0
2023-02-01,25006771,8076.950000000001,2077.2400000000002
2023-02-01,25033680,23.67,-615.8
2023-02-01,25099734,872.31,0.0
2023-02-01,25110012,403.38,103.35
2023-02-01,25133996,419.22,0.0
2023-02-01,25146667,-296.59,-830.7
2023-02-01,25240031,520.29,0.0
2023-02-01,25269707,770.38,0.0
2023-02-01,25281513,618.78,0.0
2023-02-01,25310962,475.64,98.74
2023-02-01,25318205,582.9,0.0
2023-02-01,25406407,450.11,56.06
2023-02-01,25412464,203.46,0.0
2023-02-01,25439304,763.68,-126.4
2023-02-01,25504032,838.81,0.0
2023-02-01,25510430,110.66,0.0
2023-02-01,25522226,428.21,0.0
2023-02-01,25584693,793.42,0.0
2023-02-01,25596483,595.87,0.0
2023-02-01,25628234,808.37,0.0
2023-02-01,25636885,755.58,0.0
2023-02-01,25677428,307.44,0.0
2023-02-01,25678043,49.06,0.0
2023-02-01,25698177,923.38,0.0
2023-02-01,25710768,968.16,0.0
2023-02-01,25737886,410.76,0.0
2023-02-01,25746852,234.26,-86.44
2023-02-01,25768265,702.22,0.0
2023-02-01,25779398,967.13,0.0
2023-02-01,25787771,494.02,0.0
2023-02-01,25807378,25.32,0.0
2023-02-01,25893329,211.58,0.0
2023-02-01,25931435,57.56,-69.52
2023-02-01,25939481,608.89,106.3
2023-02-01,25941557,370.54,-880.27
2023-02-01,26008806,553.23,0.0
2023-02-01,26023976,681.17,0.0
2023-02-01,26070761,641.67,0.0
2023-02-01,26087369,605.87,-47.33
2023-02-01,26101648,9.84,0.0
2023-02-01,26102798,104.08,0.0
2023-02-01,26109213,698.97,0.0
2023-02-01,26115121,466.67,0.0
2023-02-01,26118463,1108.46,127.46
2023-02-01,26248782,70.58,0.0
2023-02-01,26375186,804.02,0.0
2023-02-01,26432558,2726.38,212.63
2023-02-01,26506201,592.7,0.0
2023-02-01,26522255,283.67,0.0
2023-02-01,26528251,539.97,0.0
2023-02-01,26632358,1314.49,363.02
2023-02-01,26643616,564.06,-46.92999999999999
2023-02-01,26669001,70.04,0.0
2023-02-01,26675311,989.13,0.0
2023-02-01,26751921,800.07,0.0
2023-02-01,26791907,139.81,-126.46
2023-02-01,26793058,384.98,0.0
2023-02-01,26863880,818.47,0.0
2023-02-01,26874415,19.62,0.0
2023-02-01,26884718,688.12,114.47
2023-02-01,26888158,473.02,0.0
2023-02-01,26893181,2921.29,-118.42000000000002
2023-02-01,26906533,312.58,0.0
2023-02-01,26907311,842.69,0.0
2023-02-01,26953669,894.43,81.22
2023-02-01,26958171,837.04,0.0
2023-02-01,26964507,358.72,0.0
2023-02-01,26979446,167.92,18.27
2023-02-01,26985042,248.7,0.0
2023-02-01,27010847,22.29,-249.75
2023-02-01,27108454,423.96,0.0
2023-02-01,27117946,342.03,0.0
2023-02-01,27170424,211.66,0.0
2023-02-01,27193025,242.27,54.7
2023-02-01,27193470,479.57,0.0
2023-02-01,27203821,256.57,0.0
2023-02-01,27264533,254.28,0.0
2023-02-01,27305999,17.22,0.0
2023-02-01,27334998,817.28,0.0
2023-02-01,27356852,1279.94,289.53999999999996
2023-02-01,27357010,579.29,0.0
2023-02-01,27382109,238.43,63.48
2023-02-01,27388260,39.64,0.0
2023-02-01,27389680,815.68,0.0
2023-02-01,27415805,902.28,0.0
2023-02-01,27430568,514.21,-286.57
2023-02-01,27580272,352.81,0.0
2023-02-01,27582893,639.21,0.0
2023-02-01,27585212,150.57,0.0
2023-02-01,27589482,623.57,129.54
2023-02-01,27596004,4866.93,1198.37
2023-02-01,27600956,84.39,0.0
2023-02-01,27625709,538.84,-77.61
2023-02-01,27628187,344.63,0.0
2023-02-01,27713909,199.77,0.0
2023-02-01,27806002,565.08,0.0
2023-02-01,27821800,322.23,0.0
2023-02-01,27845045,217.81,80.9
2023-02-01,27870202,286.17,0.0
2023-02-01,27985160,446.21,0.0
2023-02-01,28053942,-1750.26,-1821.2
2023-02-01,28063272,252.41,0.0
2023-02-01,28142099,420.86,0.0
2023-02-01,28222331,658.44,242.86
2023-02-01,28240243,728.63,-122.07
2023-02-01,28247818,225.76,75.52
2023-02-01,28251857,517.59,85.99
2023-02-01,28254911,697.78,0.0
2023-02-01,28362321,849.34,0.0
2023-02-01,28380949,805.66,-131.58
2023-02-01,28429440,480.2,-57.95
2023-02-01,28548067,499.29,0.0
2023-02-01,28553155,15.73,-131.36
2023-02-01,28572979,156.38,0.0
2023-02-01,28595197,897.68,0.0
2023-02-01,28606808,1.71,0.0
2023-02-01,28629966,60.86,0.0
2023-02-01,28640713,150.9,-53.43
2023-02-01,28652960,140.6,0.0
2023-02-01,28659160,-57.17,-172.77
2023-02-01,28680375,337.2,0.0
2023-02-01,28696496,150.57,0.0
2023-02-01,28738041,907.31,0.0
2023-02-01,28743137,781.13,0.0
2023-02-01,28745450,321.2,163.82
2023-02-01,28754062,16.41,0.0
2023-02-01,28781155,555.55,0.0
2023-02-01,28811285,813.63,0.0
2023-02-01,28819175,370.19,-44.29
2023-02-01,28822117,106.05,-98.74
2023-02-01,28909144,263.97,0.0
2023-02-01,28911002,1997.76,1139.7
2023-02-01,28969443,12.77,0.0
2023-02-01,28976546,325.42,-128.83
2023-02-01,29000698,954.02,0.0
2023-02-01,29017229,950.07,0.0
2023-02-01,29039134,218.26,0.0
2023-02-01,29043142,210.89,0.0
2023-02-01,29052260,639.05,0.0
2023-02-01,29061354,180.47,0.0
2023-02-01,29074095,599.29,86.91
2023-02-01,29222005,0.34,0.0
2023-02-01,29238925,574.82,0.0
2023-02-01,29288598,386.76,0.0
2023-02-01,29303323,525.6,0.0
2023-02-01,29358670,967.8,92.86
2023-02-01,29422349,623.61,0.0
2023-02-01,29464742,557.11,0.0
2023-02-01,29473763,724.82,0.0
2023-02-01,29489865,854.53,0.0
2023-02-01,29523226,910.16,102.6
2023-02-01,29527534,355.57,0.0
2023-02-01,29608056,248.43,0.0
2023-02-01,29631870,694.99,0.0
2023-02-01,29638033,-958.74,-1905.12
2023-02-01,29639626,985.7,0.0
2023-02-01,29705419,799.07,0.0
2023-02-01,29878790,360.74,0.0
2023-02-01,29887258,392.91,0.0
2023-02-01,29920698,922.07,0.0
2023-02-01,29958061,110.71,93.28
2023-02-01,30030650,414.27,0.0
2023-02-01,30058030,39.21,0.0
2023-02-01,30093672,939.77,0.0
2023-02-01,30110747,1048.15,98.39
2023-02-01,30112323,1923.7399999999998,126.28
2023-02-01,30196319,689.01,-32.39
2023-02-01,30227774,447.55,-99.3
2023-02-01,30235398,973.95,0.0
2023-02-01,30237685,751.93,0.0
2023-02-01,30279114,1095.44,144.31
2023-02-01,30312615,659.36,0.0
2023-02-01,30324819,823.45,0.0
2023-02-01,30340808,895.41,0.0
2023-02-01,30372316,189.39,0.0
2023-02-01,30374840,564.42,0.0
2023-02-01,30396291,803.37,0.0
2023-02-01,30409599,117.47,0.0
2023-02-01,30428666,393.33,0.0
2023-02-01,30484027,400.36,127.65
2023-02-01,30511779,772.02,0.0
2023-02-01,30518350,490.85,0.0
2023-02-01,30557885,615.82,0.0
2023-02-01,30565855,982.05,0.0
2023-02-01,30623117,266.92,0.0
2023-02-01,30647433,632.2,0.0
2023-02-01,30657838,5324.29,2147.3500000000004
2023-02-01,30671754,621.9,0.0
2023-02-01,30672740,355.33,0.0
2023-02-01,30688447,555.31,0.0
2023-02-01,30718836,1018.4399999999999,109.98999999999998
2023-02-01,30723991,310.02,0.0
2023-02-01,30758515,138.13,102.39
2023-02-01,30760024,766.43,0.0
2023-02-01,30791105,272.5,0.0
2023-02-01,30929422,-78.44,-280.57
2023-02-01,30970897,-84.43,-141.6
2023-02-01,30977834,203.99,0.0
2023-02-01,30979429,343.76,-70.34
2023-02-01,30990911,997.59,0.0
2023-02-01,31026801,138.35,52.99
2023-02-01,31131351,278.94,0.0
2023-02-01,31150830,-125.69,-161.85
2023-02-01,31158381,1616.98,363.12
2023-02-01,31183587,725.0,0.0
2023-02-01,31187024,950.41,0.0
2023-02-01,31263913,218.72,-48.78
2023-02-01,31319183,407.92,0.0
2023-02-01,31335654,217.33,0.0
2023-02-01,31367758,625.17,89.01
2023-02-01,31392168,615.42,0.0
2023-02-01,31525756,444.7,81.02
2023-02-01,31537778,298.76,-36.43
2023-02-01,31541158,215.94,0.0
2023-02-01,31557275,362.05,0.0
2023-02-01,31589468,463.53999999999996,-885.27
2023-02-01,31594938,486.88,0.0
2023-02-01,31595213,418.35,0.0
2023-02-01,31661113,309.32,0.0
2023-02-01,31670977,385.42,0.0
2023-02-01,31680976,245.7,-82.09
2023-02-01,31689747,1011.78,104.57
2023-02-01,31693244,311.41,0.0
2023-02-01,31759645,205.94,162.02
2023-02-01,31770323,666.66,0.0
2023-02-01,31774984,1092.14,127.57
2023-02-01,31826534,541.64,0.0
2023-02-01,31830289,860.84,44.29
2023-02-01,31873155,351.03,0.0
2023-02-01,31957459,857.21,98.52
2023-02-01,31978646,393.51,0.0
2023-02-01,32019304,2036.1599999999999,-43.610000000000014
2023-02-01,32084810,610.7,0.0
2023-02-01,32092491,177.83,126.01
2023-02-01,32109414,1083.58,116.27
2023-02-01,32131123,758.69,0.0
2023-02-01,32192958,209.37,0.0
2023-02-01,32221529,887.75,0.0
2023-02-01,32221652,-3925.58,-2909.8999999999996
2023-02-01,32261620,842.63,787.2
2023-02-01,32275676,889.61,0.0
2023-02-01,32308270,976.53,0.0
2023-02-01,32312381,646.08,-96.77
2023-02-01,32312410,817.47,0.0
2023-02-01,32370392,369.09,0.0
2023-02-01,32386770,582.9,-56.55
2023-02-01,32390015,529.35,0.0
2023-02-01,32400822,987.34,0.0
2023-02-01,32408166,-277.08,-735.22
2023-02-01,32424424,848.04,0.0
2023-02-01,32474004,509.41,0.0
2023-02-01,32476086,67.66,0.0
2023-02-01,32597705,869.89,0.0
2023-02-01,32641357,12.39,0.0
2023-02-01,32679915,841.31,0.0
2023-02-01,32737909,843.62,99.52
2023-02-01,32803222,747.0,-80.92
2023-02-01,32824719,492.57,-9.8
2023-02-01,32888555,781.33,0.0
2023-02-01,32930305,49.71,0.0
2023-02-01,32934183,917.81,0.0
2023-02-01,32973728,321.03,0.0
2023-02-01,32991596,922.4,166.48
2023-02-01,33014501,454.35,0.0
2023-02-01,33112628,879.2,0.0
2023-02-01,33116647,391.76,0.0
2023-02-01,33159039,-139.69,-240.2
2023-02-01,33168725,300.09,88.65
2023-02-01,33173974,94.47,0.0
2023-02-01,33202593,329.25,0.0
2023-02-01,33240853,864.77,-120.69
2023-02-01,33259781,829.75,-93.43
2023-02-01,33270307,38.51,0.0
2023-02-01,33348876,267.33,0.0
2023-02-01,33351056,597.06,0.0
2023-02-01,33381880,682.27,0.0
2023-02-01,33403100,270.23,0.0
2023-02-01,33414190,204.38,0.0
2023-02-01,33424425,-31.52,-54.7
2023-02-01,33470885,531.96,0.0
2023-02-01,33505838,76.39,0.0
2023-02-01,33527603,413.42,0.0
2023-02-01,33527759,245.55,0.0
2023-02-01,33561341,851.47,102.31
2023-02-01,33632099,943.81,0.0
2023-02-01,33634912,888.99,0.0
2023-02-01,33749113,590.37,0.0
2023-02-01,33749812,121.02,0.0
2023-02-01,33750944,100.44,0.0
2023-02-01,33771855,1553.7600000000002,-373.45000000000005
2023-02-01,33806253,998.62,151.18
2023-02-01,33832864,46.85,0.0
2023-02-01,33906740,752.94,-67.52
2023-02-01,33914941,505.42,-160.48
2023-02-01,33915504,742.98,0.0
2023-02-01,33967237,466.95,142.15
2023-02-01,34017695,751.66,79.2
2023-02-01,34027487,54.87,0.0
2023-02-01,34112514,974.1,0.0
2023-02-01,34128127,363.93,88.1
2023-02-01,34158235,50.76,0.0
2023-02-01,34190086,956.77,65.9
2023-02-01,34252525,107.18,0.0
2023-02-01,34264499,864.86,0.0
2023-02-01,34275044,532.29,0.0
2023-02-01,34284479,74.46,0.0
2023-02-01,34336001,348.36,-48.39
2023-02-01,34351752,30.31,0.0
2023-02-01,34374766,1047.62,131.53
2023-02-01,34400277,-1186.11,-1393.7
2023-02-01,34403979,282.2,181.06
2023-02-01,34461285,149.82,0.0
2023-02-01,34482885,359.84,0.0
2023-02-01,34650969,177.82,0.0
2023-02-01,34681193,-33.36,-216.49
2023-02-01,34866268,516.92,0.0
2023-02-01,34867145,212.16,0.0
2023-02-01,34902863,-57.86,-89.22
2023-02-01,34908905,887.49,0.0
2023-02-01,34921262,971.82,0.0
2023-02-01,34960760,981.79,0.0
2023-02-01,35038984,566.36,0.0
2023-02-01,35051369,593.53,-43.65
2023-02-01,35082945,713.95,0.0
2023-02-01,35083564,599.99,0.0
2023-02-01,35126236,739.8,0.0
2023-02-01,35160368,95.14,41.55
2023-02-01,35177782,79.03,0.0
2023-02-01,35194218,984.54,142.2
2023-02-01,35197451,315.63,-96.06
2023-02-01,35210460,3913.37,1721.5700000000002
2023-02-01,35293864,524.08,-68.47
2023-02-01,35321469,270.83,76.26
2023-02-01,35330225,717.9,0.0
2023-02-01,35345678,381.43,0.0
2023-02-01,35379604,171.68,0.0
2023-02-01,35391237,1209.62,-128.5
2023-02-01,35391340,767.36,-119.2
2023-02-01,35405748,19.49,0.0
2023-02-01,35445202,972.48,0.0
2023-02-01,35506101,713.65,0.0
2023-02-01,35510004,723.62,0.0
2023-02-01,35539408,469.13,0.0
2023-02-01,35540836,138.6,120.69
2023-02-01,35549277,505.72,0.0
2023-02-01,35555120,598.72,0.0
2023-02-01,35564578,1658.1799999999998,258.56
2023-02-01,35574156,471.05,0.0
2023-02-01,35614465,1188.94,71.03
2023-02-01,35616763,279.43,0.0
2023-02-01,35633136,603.11,0.0
2023-02-01,35642953,137.26,0.0
2023-02-01,35652360,41.81,0.0
2023-02-01,35698347,258.22,0.0
2023-02-01,35712712,828.88,0.0
2023-02-01,35721788,837.07,0.0
2023-02-01,35726421,342.8,-36.3
2023-02-01,35746207,785.36,0.0
2023-02-01,35762783,346.14,0.0
2023-02-01,35772673,441.51,-76.39
2023-02-01,35799522,750.79,0.0
2023-02-01,35805852,886.37,0.0
2023-02-01,35827625,441.18,-4.45
2023-02-01,35869347,669.68,-99.06
2023-02-01,35948735,117.14,0.0
2023-02-01,35996817,187.89,0.0
2023-02-01,36007496,239.44,0.0
2023-02-01,36106467,720.17,0.0
2023-02-01,36110938,532.77,0.0
2023-02-01,36112473,530.67,0.0
2023-02-01,36114551,876.22,0.0
2023-02-01,36126802,617.04,0.0
2023-02-01,36131723,602.96,0.0
2023-02-01,36141472,656.7,0.0
2023-02-01,36143004,256.22,0.0
2023-02-01,36171568,343.44,0.0
2023-02-01,36192947,744.33,0.0
2023-02-01,36197772,940.21,-21.82
2023-02-01,36258926,549.71,0.0
2023-02-01,36259936,647.0,18.77
2023-02-01,36296704,491.31,0.0
2023-02-01,36327122,808.81,0.0
2023-02-01,36389309,469.45,0.0
2023-02-01,36393557,407.12,0.0
2023-02-01,36419197,627.78,0.0
2023-02-01,36425954,93.85,0.0
2023-02-01,36519974,922.41,0.0
2023-02-01,36549889,760.2,0.0
2023-02-01,36551112,963.19,-12.83
2023-02-01,36596942,550.9,0.0
2023-02-01,36611100,485.06,0.0
2023-02-01,36636385,851.49,-134.06
2023-02-01,36668239,566.32,0.0
2023-02-01,36692647,710.29,0.0
2023-02-01,36696277,548.85,153.43
2023-02-01,36725272,52.82,0.0
2023-02-01,36837451,575.54,146.02
2023-02-01,36841261,44.72,-127.65
2023-02-01,36849841,593.56,0.0
2023-02-01,36871984,949.89,0.0
2023-02-01,36949196,614.22,0.0
2023-02-01,36982820,1433.26,599.8
2023-02-01,37004975,635.77,0.0
2023-02-01,37017424,-127.5,-184.35
2023-02-01,37062632,486.17,119.45
2023-02-01,37146521,453.37,-18.27
2023-02-01,37164421,302.68,0.0
2023-02-01,37247834,-596.64,-1086.06
2023-02-01,37256412,24.43,0.0
2023-02-01,37267391,713.35,-105.76
2023-02-01,37273974,533.14,0.0
2023-02-01,37274865,95.23,0.0
2023-02-01,37297429,614.42,-79.4
2023-02-01,37319261,574.42,0.0
2023-02-01,37369245,372.25,-74.4
2023-02-01,37407392,822.17,0.0
2023-02-01,37443706,621.08,0.0
2023-02-01,37503622,630.18,0.0
2023-02-01,37510139,546.33,0.0
2023-02-01,37528735,368.39,0.0
2023-02-01,37561049,823.37,-80.58
2023-02-01,37599317,177.32,0.0
2023-02-01,37642787,396.03,0.0
2023-02-01,37658218,1131.57,570.3
2023-02-01,37678813,767.56,0.0
2023-02-01,37767441,638.27,-88.19
2023-02-01,37789180,854.05,0.0
2023-02-01,37796234,992.46,0.0
2023-02-01,37830423,285.5,0.0
2023-02-01,37878074,522.87,-124.69
2023-02-01,37905098,389.98,0.0
2023-02-01,37936898,640.94,-104.85
2023-02-01,37945317,8.24,0.0
2023-02-01,37953007,440.78,0.0
2023-02-01,38032055,416.47,0.0
2023-02-01,38038623,526.98,0.0
2023-02-01,38124225,943.59,0.0
2023-02-01,38157078,756.55,0.0
2023-02-01,38224160,701.82,0.0
2023-02-01,38291062,404.26,-82.42
2023-02-01,38316158,138.4,0.0
2023-02-01,38346624,740.09,0.0
2023-02-01,38395807,463.52,0.0
2023-02-01,38428295,690.12,0.0
2023-02-01,38429514,555.44,-72.18
2023-02-01,38442044,106.95,0.0
2023-02-01,38487215,1588.41,808.4
2023-02-01,38495059,14.18,0.0
2023-02-01,38502892,600.32,0.0
2023-02-01,38528119,165.9,0.0
2023-02-01,38558525,833.07,0.0
2023-02-01,38564653,647.95,0.0
2023-02-01,38587383,1174.2800000000002,-65.03
2023-02-01,38606148,956.59,0.0
2023-02-01,38627867,132.74,0.0
2023-02-01,38690875,320.39,0.0
2023-02-01,38740782,702.64,0.0
2023-02-01,38749064,713.95,143.97
2023-02-01,38764064,700.29,52.17
2023-02-01,38780970,728.32,-118.27
2023-02-01,38839019,2195.51,884.11
2023-02-01,38903150,263.28,0.0
2023-02-01,38921478,641.48,0.0
2023-02-01,38957380,37.95,0.0
2023-02-01,38969279,195.74,0.0
2023-02-01,38990596,108.78,0.0
2023-02-01,38991889,292.35,0.0
2023-02-01,39001531,882.34,0.0
2023-02-01,39013360,987.76,0.0
2023-02-01,39061853,451.98,98.05
2023-02-01,39093565,107.2,0.0
2023-02-01,39097663,326.42,0.0
2023-02-01,39122920,445.68,0.0
2023-02-01,39123048,1449.3600000000001,-9.230000000000004
2023-02-01,39160879,257.26,-186.89
2023-02-01,39161053,877.9499999999999,-14.75
2023-02-01,39267013,516.74,0.0
2023-02-01,39298122,742.25,135.0
2023-02-01,39360799,-1065.39,-1870.4
2023-02-01,39386771,171.52,0.0
2023-02-01,39398476,541.52,0.0
2023-02-01,39400991,896.44,0.0
2023-02-01,39402264,2248.34,1255.3
2023-02-01,39427922,662.57,-131.53
2023-02-01,39491241,564.0,0.0
2023-02-01,39502821,924.88,0.0
2023-02-01,39504855,890.63,0.0
2023-02-01,39516154,620.87,0.0
2023-02-01,39516203,689.19,0.0
2023-02-01,39529729,512.1,86.44
2023-02-01,39542358,671.28,0.0
2023-02-01,39590347,180.22,0.0
2023-02-01,39602737,881.44,0.0
2023-02-01,39620163,126.08,0.0
2023-02-01,39623640,617.74,0.0
2023-02-01,39662559,536.88,0.0
2023-02-01,39684993,168.99,0.0
2023-02-01,39710099,261.64,105.76
2023-02-01,39744047,505.93,0.0
2023-02-01,39749381,576.13,0.0
2023-02-01,39772392,826.5799999999999,-15.379999999999995
2023-02-01,39822234,718.73,0.0
2023-02-01,39863459,387.4,0.0
2023-02-01,39875057,126.02,0.0
2023-02-01,39920664,627.45,0.0
2023-02-01,39974803,567.93,0.0
2023-02-01,40004707,206.15,0.0
2023-02-01,40039031,124.72,0.0
2023-02-01,40048102,519.25,0.0
2023-02-01,40082477,40.63,-131.11
2023-02-01,40082950,322.41,0.0
2023-02-01,40091206,899.06,86.72
2023-02-01,40098771,742.62,0.0
2023-02-01,40098912,951.18,0.0
2023-02-01,40112082,289.68,0.0
2023-02-01,40127778,110.97,-85.77
2023-02-01,40176462,193.24,0.0
2023-02-01,40189934,804.21,0.0
2023-02-01,40224914,61.17,8.07
2023-02-01,40247376,209.78,0.0
2023-02-01,40374724,505.43,-187.15
2023-02-01,40436811,445.93,0.0
2023-02-01,40507682,611.31,86.68
2023-02-01,40530538,364.98,0.0
2023-02-01,40548885,160.32,0.0
2023-02-01,40550712,511.4,0.0
2023-02-01,40551490,569.45,0.0
2023-02-01,40600852,177.51,89.87
2023-02-01,40631802,104.96,0.0
2023-02-01,40673170,220.15,95.49
2023-02-01,40712298,781.72,0.0
2023-02-01,40745545,374.35,-85.94
2023-02-01,40745965,-610.15,-1264.3
2023-02-01,40797438,729.07,49.69
2023-02-01,40813783,288.51,0.0
2023-02-01,40872555,115.88,0.0
2023-02-01,40898013,650.33,0.0
2023-02-01,40906801,269.22,185.45
2023-02-01,41022448,37.89,0.0
2023-02-01,41036701,-553.31,-802.6
2023-02-01,41038634,802.08,0.0
2023-02-01,41085190,78.73,0.0
2023-02-01,41170515,713.46,0.0
2023-02-01,41194009,585.15,0.0
2023-02-01,41211432,504.28,6.689999999999998
2023-02-01,41245288,540.61,0.0
2023-02-01,41245805,753.91,0.0
2023-02-01,41252281,983.22,148.34
2023-02-01,41282329,38.05,-42.27
2023-02-01,41356963,398.3,0.0
2023-02-01,41420018,816.5,0.0
2023-02-01,41542689,246.73,0.0
2023-02-01,41561470,1241.7,490.9
2023-02-01,41574018,811.12,140.73000000000002
2023-02-01,41584073,561.74,0.0
2023-02-01,41664336,898.48,45.11
2023-02-01,41706310,802.46,188.15
2023-02-01,41716822,496.12,78.07
2023-02-01,41741558,435.71,0.0
2023-02-01,41755476,72.71,0.0
2023-02-01,41773473,423.47,68.47
2023-02-01,41778536,722.03,0.0
2023-02-01,41852767,1108.04,114.68
2023-02-01,41879906,-51.76,-80.81
2023-02-01,41881442,817.3199999999999,-347.81
2023-02-01,41914097,921.06,0.0
2023-02-01,41919083,720.21,-164.31
2023-02-01,41954037,768.8,0.0
2023-02-01,41972741,374.09,0.0
2023-02-01,41981752,843.61,0.0
2023-02-01,42017456,947.67,0.0
2023-02-01,42181728,51.89,0.0
2023-02-01,42202867,614.83,0.0
2023-02-01,42232896,647.99,0.0
2023-02-01,42235537,972.4,807.2
2023-02-01,42245590,284.1,55.09
2023-02-01,42255054,1486.04,255.84999999999997
2023-02-01,42268900,662.02,140.67
2023-02-01,42300418,-657.01,-808.4
2023-02-01,42311039,255.68,156.73
2023-02-01,42322494,486.58,0.0
2023-02-01,42340050,2244.33,184.78
2023-02-01,42396753,628.86,0.0
2023-02-01,42509068,890.56,0.0
2023-02-01,42515631,186.74,0.0
2023-02-01,42546381,409.3,0.0
2023-02-01,42589255,282.84,0.0
2023-02-01,42602631,539.62,0.0
2023-02-01,42652193,566.53,0.0
2023-02-01,42726921,590.15,0.0
2023-02-01,42726928,704.19,102.89
2023-02-01,42746180,12.15,0.0
2023-02-01,42752982,526.19,0.0
2023-02-01,42783101,228.66,-61.16
2023-02-01,42813808,633.08,0.0
2023-02-01,42838186,523.03,56.55
2023-02-01,42882563,419.69,0.0
2023-02-01,42889744,223.01,0.0
2023-02-01,43017336,935.99,0.0
2023-02-01,43017598,151.6,0.0
2023-02-01,43032836,1786.67,217.86
2023-02-01,43064169,555.44,0.0
2023-02-01,43074888,779.86,0.0
2023-02-01,43080619,426.64,0.0
2023-02-01,43140934,820.81,0.0
2023-02-01,43257373,483.49,0.0
2023-02-01,43265708,814.0,0.0
2023-02-01,43312288,830.91,0.0
2023-02-01,43329727,477.69,0.0
2023-02-01,43330367,172.38,0.0
2023-02-01,43338400,702.42,-80.7
2023-02-01,43354643,863.38,0.0
2023-02-01,43365633,57.11,0.0
2023-02-01,43368978,188.56,55.49
2023-02-01,43387803,646.4,0.0
2023-02-01,43417466,940.86,66.84
2023-02-01,43420385,881.49,0.0
2023-02-01,43453543,792.28,-98.39
2023-02-01,43490748,664.06,-143.86
2023-02-01,43499771,106.87,78.47
2023-02-01,43541008,518.75,105.55
2023-02-01,43597919,906.64,0.0
2023-02-01,43616790,365.67,0.0
2023-02-01,43623061,724.39,0.0
2023-02-01,43772330,701.52,0.0
2023-02-01,43781476,157.32,128.49
2023-02-01,43811112,99.92,0.0
2023-02-01,43830772,158.17,0.0
2023-02-01,43843937,79.03,0.0
2023-02-01,43858112,538.83,-102.95
2023-02-01,43860538,478.05,0.0
2023-02-01,43892675,997.95,0.0
2023-02-01,43930935,651.22,0.0
2023-02-01,43979238,239.04,170.96
2023-02-01,44007497,331.92,0.0
2023-02-01,44009985,763.43,0.0
2023-02-01,44019515,312.63,0.0
2023-02-01,44066457,18.09,0.0
2023-02-01,44075619,979.0,0.0
2023-02-01,44130477,918.0,0.0
2023-02-01,44133867,358.61,0.0
2023-02-01,44140049,372.02,0.0
2023-02-01,44145489,635.75,0.0
2023-02-01,44162563,325.77,0.0
2023-02-01,44164363,998.43,0.0
2023-02-01,44228646,651.3,0.0
2023-02-01,44234432,271.71,-127.46
2023-02-01,44239230,201.48,-189.46
2023-02-01,44242297,251.07,-136.95
2023-02-01,44243236,743.7,-54.25
2023-02-01,44272912,305.92,-142.26
2023-02-01,44281556,-46.7,-117.4
2023-02-01,44310966,361.02,0.0
2023-02-01,44317934,2808.41,1888.2
2023-02-01,44331942,389.13,0.0
2023-02-01,44358901,432.42,-144.31
2023-02-01,44364430,240.83,-65.61
2023-02-01,44368280,291.54,0.0
2023-02-01,44378133,708.71,-12.5
2023-02-01,44389169,978.69,0.0
2023-02-01,44413402,75.55,0.0
2023-02-01,44427272,795.91,-174.19
2023-02-01,44474369,663.93,0.0
2023-02-01,44516940,747.98,-182.19
2023-02-01,44537960,506.19,-168.84
2023-02-01,44564500,570.2,215.02
2023-02-01,44586370,440.56,0.0
2023-02-01,44626164,915.14,0.0
2023-02-01,44662337,887.8,119.68
2023-02-01,44701536,919.22,-76.18
2023-02-01,44711172,382.83,0.0
2023-02-01,44759468,864.99,-97.92
2023-02-01,44794340,488.91,0.0
2023-02-01,44812075,1465.41,601.7
2023-02-01,44816910,415.31,229.8
2023-02-01,44873253,660.51,0.0
2023-02-01,44902994,876.11,85.77
2023-02-01,44912164,355.61,0.0
2023-02-01,45015534,215.54,0.0
2023-02-01,45015570,3458.66,892.62
2023-02-01,45020832,104.89,0.0
2023-02-01,45021115,464.27,0.0
2023-02-01,45021398,783.24,0.0
2023-02-01,45026430,745.31,0.0
2023-02-01,45027876,172.23,-155.38
2023-02-01,45029598,558.87,0.0
2023-02-01,45067158,115.23,0.0
2023-02-01,45089475,676.92,0.0
2023-02-01,45111669,581.19,121.91
2023-02-01,45161114,417.03,134.43
2023-02-01,45196342,337.59,-64.89
2023-02-01,45238909,904.83,0.0
2023-02-01,45242171,174.66,0.0
2023-02-01,45253870,273.37,0.0
2023-02-01,45275334,49.55,0.0
2023-02-01,45397824,610.82,-130.8
2023-02-01,45519330,1337.85,-261.71000000000004
2023-02-01,45543867,502.34,82.42
2023-02-01,45558696,760.19,0.0
2023-02-01,45611838,784.55,0.0
2023-02-01,45631973,575.69,-187.01
2023-02-01,45639009,489.05,0.0
2023-02-01,45688415,2080.62,1393.7
2023-02-01,45706674,-796.97,-1187.7
2023-02-01,45740727,904.27,0.0
2023-02-01,45790907,3776.2799999999997,1376.6399999999999
2023-02-01,45816894,227.68,0.0
2023-02-01,45822265,881.34,0.0
2023-02-01,45829157,214.17,-147.6
2023-02-01,45859156,498.48,-146.02
2023-02-01,45960045,853.47,0.0
2023-02-01,45974864,957.27,0.0
2023-02-01,46012936,120.79,0.0
2023-02-01,46059921,810.57,-95.21
2023-02-01,46064017,672.77,0.0
2023-02-01,46067647,677.66,0.0
2023-02-01,46073044,957.36,0.0
2023-02-01,46085917,340.16,0.0
2023-02-01,46100177,979.25,0.0
2023-02-01,46133743,862.26,0.0
2023-02-01,46215382,549.77,0.0
2023-02-01,46230315,4.43,0.0
2023-02-01,46231176,-491.88,-1234.99
2023-02-01,46255563,657.93,92.51
2023-02-01,46322903,873.01,0.0
2023-02-01,46326165,571.8,0.0
2023-02-01,46346470,787.87,0.0
2023-02-01,46355307,-8.91,-161.31
2023-02-01,46442210,732.14,0.0
2023-02-01,46479025,323.03,0.0
2023-02-01,46525458,938.4,0.0
2023-02-01,46552077,672.51,0.0
2023-02-01,46561814,286.63,70.34
2023-02-01,46597215,455.5,0.0
2023-02-01,46597728,920.72,0.0
2023-02-01,46643937,751.73,0.0
2023-02-01,46663039,1038.8,49.37
2023-02-01,46730484,398.49,0.0
2023-02-01,46741126,393.18,0.0
2023-02-01,46768821,458.81,0.0
2023-02-01,46790294,1442.2600000000002,-212.73
2023-02-01,46792863,762.43,-81.07
2023-02-01,46851905,346.15,93.2
2023-02-01,46854962,718.33,-45.60999999999999
2023-02-01,46879333,462.44,0.0
2023-02-01,46913859,290.51,-119.68
2023-02-01,46920610,249.02,124.86
2023-02-01,46925211,698.71,189.46
2023-02-01,47040996,332.12,-130.83
2023-02-01,47091705,-20.92,-75.52
2023-02-01,47115177,1544.15,-56.39
2023-02-01,47127756,300.02,0.0
2023-02-01,47133143,541.16,-182.36
2023-02-01,47172665,11.06,0.0
2023-02-01,47226769,576.38,126.5
2023-02-01,47232232,179.84,126.4
2023-02-01,47266645,207.15,0.0
2023-02-01,47313428,204.67,0.0
2023-02-01,47356348,65.95,0.0
2023-02-01,47406737,1807.74,844.6
2023-02-01,47414258,900.7,0.0
2023-02-01,47473145,801.43,0.0
2023-02-01,47483982,661.58,0.0
2023-02-01,47582488,744.99,0.0
2023-02-01,47654093,294.0,0.0
2023-02-01,47763906,980.42,0.0
2023-02-01,47781255,462.62,0.0
2023-02-01,47808992,885.16,0.0
2023-02-01,47824990,704.97,0.0
2023-02-01,47886866,399.75,0.0
2023-02-01,47902339,919.92,0.0
2023-02-01,47932460,685.64,-99.41
2023-02-01,47964895,982.97,0.0
2023-02-01,48018851,288.26,0.0
2023-02-01,48029032,422.88,0.0
2023-02-01,48050578,203.26,0.0
2023-02-01,48056301,943.28,0.0
2023-02-01,48071843,609.72,-387.9
2023-02-01,48075275,1507.99,-176.69
2023-02-01,48081999,290.89,0.0
2023-02-01,48131431,680.87,-128.93
2023-02-01,48185625,822.11,0.0
2023-02-01,48186857,518.26,0.0
2023-02-01,48271608,398.65,54.71
2023-02-01,48318402,965.28,0.0
2023-02-01,48350476,305.2,0.0
2023-02-01,48399121,984.98,0.0
2023-02-01,48429255,79.7,0.0
2023-02-01,48434572,238.01,-113.69
2023-02-01,48444386,962.57,0.0
2023-02-01,48491614,875.33,120.88
2023-02-01,48500030,917.05,0.0
2023-02-01,48507357,980.8,0.0
2023-02-01,48524535,297.78,32.75
2023-02-01,48532894,662.86,0.0
2023-02-01,48553648,80.62,0.0
2023-02-01,48569537,-778.31,-1153.0
2023-02-01,48591774,506.97,84.03
2023-02-01,48625559,797.88,0.0
2023-02-01,48654969,83.93,0.0
2023-02-01,48722022,710.4,123.96
2023-02-01,48733708,407.0,-273.55
2023-02-01,48757991,818.2,141.6
2023-02-01,48781678,-454.95,-856.5
2023-02-01,48783408,278.34,0.0
2023-02-01,48799650,244.1,83.35
2023-02-01,48831634,146.94,0.0
2023-02-01,48860469,563.89,-166.48
2023-02-01,48875351,239.7,0.0
2023-02-01,48886521,961.35,134.06
2023-02-01,48906756,996.87,0.0
2023-02-01,48911149,580.54,0.0
2023-02-01,48930319,763.18,167.53
2023-02-01,48940493,394.19,0.0
2023-02-01,48976336,-1627.58,-2027.7
2023-02-01,49031081,788.18,0.0
2023-02-01,49031379,440.64,67.01
2023-02-01,49039474,664.26,89.56
2023-02-01,49071892,909.58,0.0
2023-02-01,49075324,301.39,0.0
2023-02-01,49095464,39.529999999999994,-54.72999999999999
2023-02-01,49127699,239.16,83.63
2023-02-01,49157903,601.62,0.0
2023-02-01,49172838,136.96,0.0
2023-02-01,49186099,743.03,208.31
2023-02-01,49216581,157.01,-754.9
2023-02-01,49253709,956.08,-55.86
2023-02-01,49310474,2036.18,46.59
2023-02-01,49400211,672.86,212.62
2023-02-01,49410021,621.24,112.52
2023-02-01,49427302,468.73,0.0
2023-02-01,49441522,234.94,159.64
2023-02-01,49454023,1579.62,780.9
2023-02-01,49459559,467.56,0.0
2023-02-01,49467252,444.92,0.0
2023-02-01,49516533,7.4,0.0
2023-02-01,49520335,276.57,77.78
2023-02-01,49533543,190.64,0.0
2023-02-01,49534905,383.91,0.0
2023-02-01,49536707,-99.45,-136.75
2023-02-01,49540328,458.12,0.0
2023-02-01,49550154,55.44,-122.7
2023-02-01,49581833,65.56,-52.0
2023-02-01,49696722,142.69,0.0
2023-02-01,49834565,51.12,0.0
2023-02-01,49840526,461.64,0.0
2023-02-01,49941860,716.59,60.93
2023-02-01,49961732,1595.02,148.54
2023-02-01,49966528,774.47,133.29
2023-02-01,50018070,450.64,0.0
2023-02-01,50024545,867.21,0.0
2023-02-01,50031425,695.18,0.0
2023-02-01,50114041,60.83,0.0
2023-02-01,50115324,410.18,80.86
2023-02-01,50122119,1039.21,774.6
2023-02-01,50132654,562.17,0.0
2023-02-01,50150279,567.24,0.0
2023-02-01,50161801,180.69,0.0
2023-02-01,50217872,667.95,0.0
2023-02-01,50219545,1605.82,1057.7
2023-02-01,50231864,117.34,0.0
2023-02-01,50276595,584.31,-102.6
2023-02-01,50324230,945.15,0.0
2023-02-01,50335174,650.98,0.0
2023-02-01,50360111,193.83,0.0
2023-02-01,50402197,834.5,-534.62
2023-02-01,50428641,271.51,0.0
2023-02-01,50463777,143.45,0.0
2023-02-01,50520009,892.55,0.0
2023-02-01,50547726,675.06,0.0
2023-02-01,50610780,536.41,0.0
2023-02-01,50624960,5.03,0.0
2023-02-01,50627436,183.41,0.0
2023-02-01,50647892,540.71,0.0
2023-02-01,50693024,171.87,0.0
2023-02-01,50756739,177.65,0.0
2023-02-01,50772829,47.57,0.0
2023-02-01,50813708,511.82,172.78
2023-02-01,50837270,613.53,0.0
2023-02-01,50880352,12.46,0.0
2023-02-01,50887252,464.78,0.0
2023-02-01,50893310,185.13,0.0
2023-02-01,50959802,724.26,-97.11
2023-02-01,51079213,713.31,-70.27
2023-02-01,51102699,626.91,0.0
2023-02-01,51122335,219.24,0.0
2023-02-01,51198722,559.63,0.0
2023-02-01,51266306,2610.52,1094.8400000000001
2023-02-01,51272805,474.8,49.96000000000001
2023-02-01,51298007,427.17,0.0
2023-02-01,51313899,-883.66,-1072.7
2023-02-01,51325070,1992.73,21.08
2023-02-01,51353910,523.88,0.0
2023-02-01,51358248,222.93,0.0
2023-02-01,51389636,917.98,0.0
2023-02-01,51398784,909.2,0.0
2023-02-01,51401655,877.47,0.0
2023-02-01,51435617,140.46,0.0
2023-02-01,51450938,157.37,0.0
2023-02-01,51471469,611.19,0.0
2023-02-01,51493379,505.67,69.52
2023-02-01,51504474,372.96,219.71
2023-02-01,51653690,202.01,-78.4
2023-02-01,51653868,410.88,0.0
2023-02-01,51718829,260.45,0.0
2023-02-01,51771015,876.29,0.0
2023-02-01,51774315,291.01,0.0
2023-02-01,51793205,715.25,0.0
2023-02-01,51906599,49.34,-125.14
2023-02-01,52104303,810.97,0.0
2023-02-01,52117174,932.96,0.0
2023-02-01,52125171,1085.94,112.77
2023-02-01,52127978,84.8,0.0
2023-02-01,52141048,102.68,0.0
2023-02-01,52146995,391.92,69.4
2023-02-01,52203356,899.39,0.0
2023-02-01,52213806,597.62,0.0
2023-02-01,52230539,394.34,0.0
2023-02-01,52264506,934.07,0.0
2023-02-01,52310499,954.51,0.0
2023-02-01,52317175,25.94,0.0
2023-02-01,52365238,822.17,0.0
2023-02-01,52366360,465.67,0.0
2023-02-01,52390463,320.4,147.58
2023-02-01,52436120,904.47,0.0
2023-02-01,52442629,617.92,0.0
2023-02-01,52461586,596.3,0.0
2023-02-01,52468167,266.66,-102.76
2023-02-01,52480554,263.38,0.0
2023-02-01,52560688,622.16,0.0
2023-02-01,52747145,546.71,0.0
2023-02-01,52756904,428.77,0.0
2023-02-01,52805510,580.66,0.0
2023-02-01,52814597,-922.21,-1821.6
2023-02-01,52835507,219.77,-86.91
2023-02-01,52840001,834.31,88.19
2023-02-01,52855120,1040.69,160.48
2023-02-01,52911248,268.27,-161.89
2023-02-01,52973634,417.09,0.0
2023-02-01,52996436,969.38,86.03
2023-02-01,53006272,761.95,0.0
2023-02-01,53010345,131.63,0.0
2023-02-01,53046005,706.25,36.43
2023-02-01,53059420,433.93,-97.79
2023-02-01,53079883,489.35,0.0
2023-02-01,53085668,199.11,0.0
2023-02-01,53086727,408.74,0.0
2023-02-01,53089607,729.76,161.89
2023-02-01,53091928,235.6,0.0
2023-02-01,53107499,320.95,83.86
2023-02-01,53161068,945.53,0.0
2023-02-01,53170488,219.2,0.0
2023-02-01,53192110,588.04,0.0
2023-02-01,53204515,689.65,0.0
2023-02-01,53211412,69.51,0.0
2023-02-01,53234515,784.17,-70.5
2023-02-01,53240505,188.87,0.0
2023-02-01,53260868,1175.08,208.23
2023-02-01,53332086,273.51,0.0
2023-02-01,53366488,452.59,115.41
2023-02-01,53376344,228.65,0.0
2023-02-01,53380359,-132.48,-133.29
2023-02-01,53421312,937.86,0.0
2023-02-01,53496996,449.43,146.28
2023-02-01,53502347,-284.84000000000003,-406.76
2023-02-01,53513558,235.44,0.0
2023-02-01,53518299,837.69,-116.27
2023-02-01,53538823,750.37,0.0
2023-02-01,53634705,853.12,0.0
2023-02-01,53665038,624.95,0.0
2023-02-01,53727603,517.25,0.0
2023-02-01,53753986,252.69,0.0
2023-02-01,53754887,162.05,0.0
2023-02-01,53762957,144.66,-101.12
2023-02-01,53764356,531.25,83.37
2023-02-01,53831793,799.66,0.0
2023-02-01,53845552,285.52,0.0
2023-02-01,53845615,597.04,0.0
2023-02-01,53858816,447.18,-92.2
2023-02-01,53884266,21.72,0.0
2023-02-01,53884626,478.38,0.0
2023-02-01,53887772,541.43,0.0
2023-02-01,53959112,103.99,0.0
2023-02-01,53960481,490.82,0.0
2023-02-01,53971767,834.63,-124.24
2023-02-01,53977562,398.76,0.0
2023-02-01,54032229,176.12,0.0
2023-02-01,54033811,346.5,-188.33
2023-02-01,54067346,180.91,0.0
2023-02-01,54071589,765.81,0.0
2023-02-01,54137851,30.67,0.0
2023-02-01,54154999,1069.32,107.18
2023-02-01,54189995,401.27,0.0
2023-02-01,54230889,597.31,0.0
2023-02-01,54278560,-5.66,-167.46
2023-02-01,54288062,336.75,0.0
2023-02-01,54300071,905.65,588.3
2023-02-01,54301151,408.16,0.0
2023-02-01,54307382,452.52,0.0
2023-02-01,54349805,752.49,0.0
2023-02-01,54377130,425.86,0.0
2023-02-01,54377538,845.93,0.0
2023-02-01,54405539,397.2,0.0
2023-02-01,54452317,358.39,0.0
2023-02-01,54458410,973.1,0.0
2023-02-01,54541943,433.92,0.0
2023-02-01,54565625,621.4,148.64
2023-02-01,54570251,430.68,0.0
2023-02-01,54589543,817.51,0.0
2023-02-01,54673873,71.58,0.0
2023-02-01,54720837,166.15,0.0
2023-02-01,54786481,96.87,0.0
2023-02-01,54824933,721.47,0.0
2023-02-01,54852109,521.7,0.0
2023-02-01,54868017,789.86,0.0
2023-02-01,54878364,80.24,0.0
2023-02-01,54910290,11.12,0.0
2023-02-01,54932317,378.86,0.0
2023-02-01,54937975,218.66,0.0
2023-02-01,54958511,454.61,0.0
2023-02-01,54958587,874.83,0.0
2023-02-01,54997427,825.84,0.0
2023-02-01,55009163,435.8,0.0
2023-02-01,55022533,341.29,0.0
2023-02-01,55088029,767.67,-152.86
2023-02-01,55106431,460.48,0.0
2023-02-01,55122249,43.86,0.0
2023-02-01,55168205,500.3,-78.1
2023-02-01,55304418,968.71,0.0
2023-02-01,55341552,768.94,0.0
2023-02-01,55353228,923.38,0.0
2023-02-01,55397453,917.65,96.77
2023-02-01,55398856,17.93,-645.5
2023-02-01,55459151,451.21,0.0
2023-02-01,55472786,634.29,0.0
2023-02-01,55513887,722.45,0.0
2023-02-01,55552232,1106.46,152.59
2023-02-01,55590263,794.44,189.32
2023-02-01,55607955,274.23,0.0
2023-02-01,55714753,703.59,0.0
2023-02-01,55753843,524.57,0.0
2023-02-01,55791547,758.17,0.0
2023-02-01,55795603,241.17,0.0
2023-02-01,55819086,1726.75,300.59999999999997
2023-02-01,55912413,297.61,0.0
2023-02-01,55916056,377.36,0.0
2023-02-01,55975906,112.69,0.0
2023-02-01,55986027,38.94,0.0
2023-02-01,55986093,586.34,0.0
2023-02-01,56041976,56.45,0.0
2023-02-01,56070421,286.85,0.0
2023-02-01,56094156,531.43,0.0
2023-02-01,56116199,486.15,-129.83
2023-02-01,56120063,94.32,0.0
2023-02-01,56189750,365.48,0.0
2023-02-01,56297850,205.79,-114.68
2023-02-01,56422161,990.84,0.0
2023-02-01,56453199,534.16,-71.22
2023-02-01,56458213,143.0,-588.3
2023-02-01,56468624,655.33,0.0
2023-02-01,56483442,151.85,0.0
2023-02-01,56573058,164.18,129.52
2023-02-01,56609826,14.24,0.0
2023-02-01,56723864,117.72,-128.49
2023-02-01,56751728,610.52,0.0
2023-02-01,56759680,479.7,0.0
2023-02-01,56760248,571.55,0.0
2023-02-01,56842874,22.02,0.0
2023-02-01,56843498,632.25,122.7
2023-02-01,56875373,562.06,-71.73
2023-02-01,56878640,846.85,0.0
2023-02-01,56899079,445.39,0.0
2023-02-01,56922739,174.07,0.0
2023-02-01,56936624,503.74,0.0
2023-02-01,56946115,298.13,0.0
2023-02-01,57027965,979.57,0.0
2023-02-01,57043647,448.71,-103.35
2023-02-01,57063886,384.17,0.0
2023-02-01,57071366,2060.24,156.76
2023-02-01,57084496,3036.1,1861.3000000000002
2023-02-01,57096259,540.54,0.0
2023-02-01,57108303,737.04,0.0
2023-02-01,57121657,983.45,135.55
2023-02-01,57133159,734.4,0.0
2023-02-01,57145139,708.46,0.0
2023-02-01,57148382,719.65,81.16
2023-02-01,57160773,899.1,96.2
2023-02-01,57186194,718.36,-106.33
2023-02-01,57224848,30.59,0.0
2023-02-01,57273397,403.21,0.0
2023-02-01,57300901,237.52,-65.35
2023-02-01,57302841,413.21,72.19
2023-02-01,57372684,360.74,111.48
2023-02-01,57395511,747.89,0.0
2023-02-01,57413609,219.01,0.0
2023-02-01,57426365,2441.71,282.87
2023-02-01,57436108,899.46,0.0
2023-02-01,57446648,542.41,0.0
2023-02-01,57450523,609.41,0.0
2023-02-01,57507102,290.03,-84.14
2023-02-01,57584855,-45.51,-83.37
2023-02-01,57610201,931.52,0.0
2023-02-01,57612494,499.3,0.0
2023-02-01,57675131,410.85,0.0
2023-02-01,57687949,662.12,119.2
2023-02-01,57717550,1799.52,15.529999999999987
2023-02-01,57790631,788.3,-105.16
2023-02-01,57886631,369.6,0.0
2023-02-01,57897038,361.05,-38.67
2023-02-01,57941886,270.81,0.0
2023-02-01,57948925,194.11,0.0
2023-02-01,57975842,101.94,0.0
2023-02-01,58009817,887.22,0.0
2023-02-01,58099419,33.45,-152.29
2023-02-01,58126511,940.27,0.0
2023-02-01,58176810,219.07,0.0
2023-02-01,58182495,223.57,0.0
2023-02-01,58216756,642.13,0.0
2023-02-01,58249518,14.63,0.0
2023-02-01,58254002,2.87,-91.66
2023-02-01,58258401,873.05,0.0
2023-02-01,58265755,650.94,156.89
2023-02-01,58290957,580.25,0.0
2023-02-01,58304487,5.31,0.0
2023-02-01,58305943,1028.58,58.02
2023-02-01,58306431,473.67,-102.89
2023-02-01,58332273,299.3,0.0
2023-02-01,58345258,749.07,0.0
2023-02-01,58362636,89.45,0.0
2023-02-01,58384131,486.25,158.57
2023-02-01,58385320,693.52,0.0
2023-02-01,58400012,678.52,71.73
2023-02-01,58434725,365.9,0.0
2023-02-01,58458443,903.64,0.0
2023-02-01,58489789,460.5,0.0
2023-02-01,58491429,937.47,0.0
2023-02-01,58533748,490.86,0.0
2023-02-01,58547184,218.22,0.0
2023-02-01,58558145,495.35,0.0
2023-02-01,58586275,916.97,0.0
2023-02-01,58668564,707.43,-105.85
2023-02-01,58683711,-102.64,-115.4
2023-02-01,58703801,520.81,0.0
2023-02-01,58720727,471.56,0.0
2023-02-01,58728550,250.26,0.0
2023-02-01,58785108,535.28,61.87
2023-02-01,58810775,685.44,-62.0
2023-02-01,58811985,616.7,0.0
2023-02-01,58822254,79.7,0.0
2023-02-01,58830897,834.24,0.0
2023-02-01,58837121,160.48,0.0
2023-02-01,58873428,191.58,0.0
2023-02-01,58874842,294.64,-53.09
2023-02-01,58897654,210.05,0.0
2023-02-01,58925998,855.45,0.0
2023-02-01,58930654,661.48,0.0
2023-02-01,58937028,626.96,0.0
2023-02-01,58995891,12.92,0.0
2023-02-01,59110895,605.5,0.0
2023-02-01,59128512,464.63,158.92
2023-02-01,59135815,-559.4,-800.0
2023-02-01,59152169,219.1,70.5
2023-02-01,59167707,795.11,-109.32
2023-02-01,59198134,122.62,0.0
2023-02-01,59201002,2058.03,296.34000000000003
2023-02-01,59235925,581.37,-66.43
2023-02-01,59238438,118.07,12.97
2023-02-01,59252971,803.65,0.0
2023-02-01,59265775,750.87,55.85
2023-02-01,59379884,139.54,0.0
2023-02-01,59405362,1357.6999999999998,213.41
2023-02-01,59432049,530.56,142.99
2023-02-01,59450573,888.65,0.0
2023-02-01,59455653,4.64,0.0
2023-02-01,59510370,523.1,0.0
2023-02-01,59529922,386.18,-129.91
2023-02-01,59575867,576.66,0.0
2023-02-01,59591324,509.65,0.0
2023-02-01,59640238,993.42,0.0
2023-02-01,59653557,649.61,0.0
2023-02-01,59663741,642.86,0.0
2023-02-01,59684752,-105.02,-119.45
2023-02-01,59705091,631.05,0.0
2023-02-01,59737910,523.19,0.0
2023-02-01,59855808,172.54,0.0
2023-02-01,59867000,62.01,0.0
2023-02-01,59876714,1408.06,469.6
2023-02-01,59933973,29.98,0.0
2023-02-01,59961433,451.13,-130.3
2023-02-01,59980709,880.98,99.56
2023-02-01,59984692,818.03,0.0
2023-02-01,59989722,816.77,0.0
2023-02-01,60017511,859.48,0.0
2023-02-01,60114464,972.56,0.0
2023-02-01,60138058,686.46,0.0
2023-02-01,60184250,70.89,0.0
2023-02-01,60189055,814.54,0.0
2023-02-01,60193174,740.53,0.0
2023-02-01,60202402,783.7,0.0
2023-02-01,60220702,937.23,0.0
2023-02-01,60222199,350.4,0.0
2023-02-01,60238192,307.97,0.0
2023-02-01,60367416,754.86,0.0
2023-02-01,60371134,444.57,0.0
2023-02-01,60383549,306.82,38.67
2023-02-01,60417212,193.41999999999996,-1043.8
2023-02-01,60459342,734.15,0.0
2023-02-01,60522190,965.46,0.0
2023-02-01,60659147,183.75,-140.1
2023-02-01,60667043,937.62,0.0
2023-02-01,60684197,752.92,0.0
2023-02-01,60707792,559.71,-3.5
2023-02-01,60711202,869.92,0.0
2023-02-01,60730902,226.11,-17.61
2023-02-01,60751083,115.23,0.0
2023-02-01,60755797,207.78,0.0
2023-02-01,60789634,379.4,0.0
2023-02-01,60819695,38.96,0.0
2023-02-01,60860851,17.96,0.0
2023-02-01,60866500,523.13,0.0
2023-02-01,60916657,893.41,0.0
2023-02-01,60930856,445.07,0.0
2023-02-01,60955647,546.28,0.0
2023-02-01,60966485,1559.38,-52.72
2023-02-01,60996794,27.98,0.0
2023-02-01,61087394,234.5,121.69
2023-02-01,61101757,992.2,0.0
2023-02-01,61152319,395.86,-75.45
2023-02-01,61178950,104.88,0.0
2023-02-01,61181609,-101.73,-146.28
2023-02-01,61279456,814.3,0.0
2023-02-01,61419726,932.41,0.0
2023-02-01,61423373,87.17,0.0
2023-02-01,61450849,243.99,-646.2
2023-02-01,61493381,556.97,-12.97
2023-02-01,61512912,328.0,0.0
2023-02-01,61555609,505.76,0.0
2023-02-01,61578713,209.89,0.0
2023-02-01,61582769,325.47,0.0
2023-02-01,61593392,621.21,0.0
2023-02-01,61634340,-64.79,-148.64
2023-02-01,61642813,760.74,0.0
2023-02-01,61644310,709.97,0.0
2023-02-01,61649729,848.76,0.0
2023-02-01,61661386,524.42,0.0
2023-02-01,61676204,88.85,0.0
2023-02-01,61682186,959.96,0.0
2023-02-01,61687835,739.0,0.0
2023-02-01,61720005,687.35,0.0
2023-02-01,61724951,656.25,0.0
2023-02-01,61781801,699.78,0.0
2023-02-01,61847987,874.22,0.0
2023-02-01,61860337,892.77,0.0
2023-02-01,61884944,123.93,0.0
2023-02-01,61941956,137.19,0.0
2023-02-01,61979134,574.77,0.0
2023-02-01,61999896,788.63,0.0
2023-02-01,62077439,678.77,345.3
2023-02-01,62141083,17.63,0.0
2023-02-01,62147353,783.96,0.0
2023-02-01,62158499,581.72,0.0
2023-02-01,62191488,1458.02,36.64999999999999
2023-02-01,62213525,993.88,948.2
2023-02-01,62222306,304.45,0.0
2023-02-01,62227017,177.72,0.0
2023-02-01,62251465,208.2,-96.35
2023-02-01,62256127,784.39,0.0
2023-02-01,62276269,575.1,0.0
2023-02-01,62289297,802.44,0.0
2023-02-01,62320219,178.4,0.0
2023-02-01,62332278,1090.4,119.74
2023-02-01,62362650,1094.54,-336.87
2023-02-01,62412215,766.15,0.0
2023-02-01,62414886,489.04,0.0
2023-02-01,62470872,436.81,0.0
2023-02-01,62477219,715.67,0.0
2023-02-01,62511159,347.79,0.0
2023-02-01,62567104,-70.78,-124.73
2023-02-01,62580854,421.59,0.0
2023-02-01,62584374,464.19,130.11
2023-02-01,62671957,264.54,96.51
2023-02-01,62716405,531.19,0.0
2023-02-01,62746004,638.36,0.0
2023-02-01,62756075,896.87,0.0
2023-02-01,62780588,828.86,0.0
2023-02-01,62862427,368.73,-176.41
2023-02-01,63014981,222.98,0.0
2023-02-01,63057168,159.71,0.0
2023-02-01,63102647,742.95,77.81
2023-02-01,63232279,1050.05,118.27
2023-02-01,63265361,935.22,0.0
2023-02-01,63280767,836.58,0.0
2023-02-01,63298193,259.55,0.0
2023-02-01,63301094,532.03,0.0
2023-02-01,63381038,541.91,0.0
2023-02-01,63405199,18.35,0.0
2023-02-01,63412767,715.41,0.0
2023-02-01,63486424,531.83,0.0
2023-02-01,63534397,451.25,0.0
2023-02-01,63556863,633.9,-0.5
2023-02-01,63569270,949.8,0.0
2023-02-01,63635633,202.35,0.0
2023-02-01,63714888,710.3,77.55
2023-02-01,63746530,874.63,0.0
2023-02-01,63845700,856.95,0.0
2023-02-01,63863096,819.23,0.0
2023-02-01,63959769,938.58,0.0
2023-02-01,63977699,140.44,0.0
2023-02-01,64034275,1773.57,-84.71000000000001
2023-02-01,64065043,245.44,0.0
2023-02-01,64093529,748.57,0.0
2023-02-01,64108699,71.97,0.0
2023-02-01,64123632,358.39,0.0
2023-02-01,64160490,222.89,0.0
2023-02-01,64167315,145.11,0.0
2023-02-01,64168292,297.09,0.0
2023-02-01,64177019,298.31,0.0
2023-02-01,64226824,794.79,0.0
2023-02-01,64228624,508.14,0.0
2023-02-01,64237458,179.86,-75.62
2023-02-01,64299012,638.39,128.83
2023-02-01,64300289,472.59,0.0
2023-02-01,64303157,689.06,-9.32
2023-02-01,64305805,308.1,126.64
2023-02-01,64331821,519.62,0.0
2023-02-01,64402841,690.68,-61.08
2023-02-01,64411319,619.06,0.0
2023-02-01,64460080,227.38,-85.99
2023-02-01,64462046,847.04,0.0
2023-02-01,64486954,378.0,0.0
2023-02-01,64526097,491.42,0.0
2023-02-01,64533535,535.88,0.0
2023-02-01,64571970,693.34,0.0
2023-02-01,64590882,344.01,0.0
2023-02-01,64610632,869.95,0.0
2023-02-01,64683004,962.96,614.1
2023-02-01,64716185,391.53,0.0
2023-02-01,64769583,598.67,0.0
2023-02-01,64893719,689.59,0.0
2023-02-01,64901797,672.29,0.0
2023-02-01,64953936,311.46,0.0
2023-02-01,64958880,905.69,64.89
2023-02-01,64979248,202.63,0.0
2023-02-01,64990799,480.33,0.0
2023-02-01,65009032,984.64,0.0
2023-02-01,65033625,688.2,198.28
2023-02-01,65052411,877.5,0.0
2023-02-01,65097827,526.75,0.0
2023-02-01,65125795,632.35,0.0
2023-02-01,65143384,227.08,0.0
2023-02-01,65159654,761.19,0.0
2023-02-01,65199307,602.79,304.76
2023-02-01,65200379,4.27,0.0
2023-02-01,65220738,783.76,-89.8
2023-02-01,65225040,826.42,0.0
2023-02-01,65280102,2.17,0.0
2023-02-01,65321237,425.42,0.0
2023-02-01,65380590,683.96,0.0
2023-02-01,65429379,676.6,132.72
2023-02-01,65534206,502.66999999999996,-110.05999999999999
2023-02-01,65579734,928.08,0.0
2023-02-01,65583532,542.09,0.0
2023-02-01,65589565,321.99,0.0
2023-02-01,65596186,254.28,0.0
2023-02-01,65603779,531.37,-121.46
2023-02-01,65606472,405.1,0.0
2023-02-01,65721172,221.49,0.0
2023-02-01,65724980,374.36,66.43
2023-02-01,65754176,890.74,174.19
2023-02-01,65782923,193.43,0.0
2023-02-01,65804470,454.38,0.0
2023-02-01,65815967,0.43,0.0
2023-02-01,65926576,73.48,0.0
2023-02-01,65988118,647.81,0.0
2023-02-01,66008535,462.1,63.11
2023-02-01,66022888,814.51,57.37
2023-02-01,66044567,596.13,0.0
2023-02-01,66152145,83.45,0.0
2023-02-01,66168472,29.89,0.0
2023-02-01,66175264,765.91,0.0
2023-02-01,66187843,423.17,-112.17
2023-02-01,66239954,181.14,0.0
2023-02-01,66257438,896.97,78.4
2023-02-01,66283493,612.88,0.0
2023-02-01,66332583,241.29,0.0
2023-02-01,66341438,685.06,0.0
2023-02-01,66390683,-51.7,-104.47
2023-02-01,66416254,166.4,0.0
2023-02-01,66445304,327.78,174.0
2023-02-01,66449974,795.59,0.0
2023-02-01,66504443,618.97,0.0
2023-02-01,66521788,74.02,-127.41
2023-02-01,66556141,688.37,0.0
2023-02-01,66586860,2011.21,1072.7
2023-02-01,66601462,361.46,0.0
2023-02-01,66624477,521.98,0.0
2023-02-01,66667727,577.08,145.77
2023-02-01,66681692,712.12,0.0
2023-02-01,66700123,68.69,-106.46
2023-02-01,66704269,915.51,0.0
2023-02-01,66706067,1.98,0.0
2023-02-01,66729131,100.8,0.0
2023-02-01,66896515,842.82,0.0
2023-02-01,66914990,666.42,-98.33
2023-02-01,66930564,398.03,0.0
2023-02-01,66954664,620.1,0.0
2023-02-01,67029298,194.95,-60.58
2023-02-01,67056187,392.51,0.0
2023-02-01,67090449,724.35,0.0
2023-02-01,67102224,956.39,103.68
2023-02-01,67104073,476.04,0.0
2023-02-01,67147649,3.28,0.0
2023-02-01,67153119,1045.37,18.14999999999999
2023-02-01,67157564,1715.42,1153.0
2023-02-01,67190209,642.01,74.4
2023-02-01,67270354,805.28,0.0
2023-02-01,67283010,872.4,0.0
2023-02-01,67392638,519.61,0.0
2023-02-01,67400117,769.45,0.0
2023-02-01,67434874,399.94,0.0
2023-02-01,67464890,81.27,0.0
2023-02-01,67466632,476.81,126.75
2023-02-01,67489489,100.77,-118.62
2023-02-01,67490657,588.58,0.0
2023-02-01,67502738,185.72,0.0
2023-02-01,67532228,805.91,0.0
2023-02-01,67541253,985.49,0.0
2023-02-01,67561762,639.58,170.35
2023-02-01,67571676,491.88,0.0
2023-02-01,67635951,1796.5700000000002,245.07
2023-02-01,67674594,187.32,61.16
2023-02-01,67679622,773.4,142.37
2023-02-01,67716893,250.99,0.0
2023-02-01,67805276,431.12,0.0
2023-02-01,67837998,246.4,0.0
2023-02-01,67862200,944.49,0.0
2023-02-01,67902154,1487.48,-566.9
2023-02-01,67909830,589.68,0.0
2023-02-01,67911201,827.43,65.26
2023-02-01,67911677,725.9,0.0
2023-02-01,67938929,742.66,-125.38
2023-02-01,67961706,569.5,0.0
2023-02-01,67987326,10.49,-151.18
2023-02-01,68051701,911.6,0.0
2023-02-01,68104946,925.71,0.0
2023-02-01,68153614,927.95,0.0
2023-02-01,68189902,448.56,0.0
2023-02-01,68198696,979.46,0.0
2023-02-01,68239576,770.51,238.62
2023-02-01,68262083,899.79,0.0
2023-02-01,68275028,797.52,-120.92
2023-02-01,68294036,184.64,0.0
2023-02-01,68294645,339.69,33.51
2023-02-01,68311266,-152.64,-239.72
2023-02-01,68315462,921.45,152.29
2023-02-01,68346907,-91.72,-844.6
2023-02-01,68393439,920.8,137.75
2023-02-01,68423238,972.94,0.0
2023-02-01,68483071,25.88,0.0
2023-02-01,68484031,853.99,0.0
2023-02-01,68552857,309.92,0.0
2023-02-01,68552994,453.3,-62.95
2023-02-01,68558850,362.31,80.81
2023-02-01,68579203,149.39,0.0
2023-02-01,68680764,200.27,0.0
2023-02-01,68683403,674.5,0.0
2023-02-01,68689742,45.41,0.0
2023-02-01,68708795,399.11,0.0
2023-02-01,68721707,900.45,0.0
2023-02-01,68775529,531.87,0.0
2023-02-01,68786878,512.06,0.0
2023-02-01,68793483,581.36,0.0
2023-02-01,68798691,706.81,-112.52
2023-02-01,68800062,749.65,0.0
2023-02-01,68836810,171.96,0.0
2023-02-01,68891568,844.06,0.0
2023-02-01,68928221,502.06,0.0
2023-02-01,68962066,304.46,0.0
2023-02-01,68973836,751.24,116.57
2023-02-01,69008969,716.37,0.0
2023-02-01,69090518,473.87,0.0
2023-02-01,69118170,260.76,151.41
2023-02-01,69153577,402.52,0.0
2023-02-01,69302678,568.08,0.0
2023-02-01,69306093,189.46,0.0
2023-02-01,69307050,623.84,0.0
2023-02-01,69315008,3878.57,979.81
2023-02-01,69344396,304.19,0.0
2023-02-01,69362270,410.6,0.0
2023-02-01,69446767,672.47,0.0
2023-02-01,69447534,-37.34,-105.36
2023-02-01,69468071,652.9,0.0
2023-02-01,69492532,581.23,0.0
2023-02-01,69533742,6507.869999999999,1288.68
2023-02-01,69540137,351.36,0.0
2023-02-01,69556322,887.94,102.91
2023-02-01,69561077,443.69,125.38
2023-02-01,69588947,732.72,0.0
2023-02-01,69617552,853.9,0.0
2023-02-01,69647833,850.18,84.44
2023-02-01,69648759,774.31,80.92
2023-02-01,69664627,766.98,-130.78
2023-02-01,69665438,477.87,-258.13
2023-02-01,69683385,519.63,0.0
2023-02-01,69730266,732.61,0.0
2023-02-01,69796371,649.23,0.0
2023-02-01,69806946,971.49,0.0
2023-02-01,69939682,1778.0500000000002,-25.22
2023-02-01,70010970,114.23,0.0
2023-02-01,70013367,38.86,0.0
2023-02-01,70034563,872.98,149.8
2023-02-01,70049609,226.63,0.0
2023-02-01,70123664,360.61,-122.51
2023-02-01,70129567,939.24,52.32
2023-02-01,70163139,760.08,85.94
2023-02-01,70185446,863.26,0.0
2023-02-01,70214700,-1102.51,-1255.3
2023-02-01,70217229,705.69,0.0
2023-02-01,70221848,620.74,69.91
2023-02-01,70231750,749.6,0.0
2023-02-01,70331285,537.34,0.0
2023-02-01,70351135,173.49,3.89
2023-02-01,70375931,980.21,0.0
2023-02-01,70384410,718.99,0.0
2023-02-01,70385129,373.91,121.46
2023-02-01,70409852,662.8,0.0
2023-02-01,70469258,868.53,0.0
2023-02-01,70505401,138.85,0.0
2023-02-01,70554021,44.26,0.0
2023-02-01,70567557,984.3,0.0
2023-02-01,70571486,521.09,-52.17
2023-02-01,70624878,169.99,-158.51
2023-02-01,70643766,143.86,0.0
2023-02-01,70652524,342.86,0.0
2023-02-01,70665892,690.56,-165.66
2023-02-01,70719064,752.97,0.0
2023-02-01,70749706,843.94,-119.88
2023-02-01,70905083,623.65,0.0
2023-02-01,70920653,577.7,0.0
2023-02-01,70925461,193.49,-66.84
2023-02-01,70954264,188.6,-142.91
2023-02-01,70989002,220.06,0.0
2023-02-01,71014167,712.21,58.05
2023-02-01,71045135,98.76,0.0
2023-02-01,71051904,48.92,0.0
2023-02-01,71082437,717.98,0.0
2023-02-01,71135606,728.32,0.0
2023-02-01,71137421,126.52,61.08
2023-02-01,71161073,762.46,-99.52
2023-02-01,71183710,989.68,0.0
2023-02-01,71213535,686.81,0.0
2023-02-01,71247681,955.43,0.0
2023-02-01,71264941,1512.54,423.90999999999997
2023-02-01,71266283,496.77,0.0
2023-02-01,71280775,427.44,0.0
2023-02-01,71293250,686.0,0.0
2023-02-01,71332337,661.23,0.0
2023-02-01,71381278,592.79,0.0
2023-02-01,71383376,277.3,-170.96
2023-02-01,71394875,666.43,-112.34
2023-02-01,71444662,175.7,-101.08
2023-02-01,71469803,14.79,0.0
2023-02-01,71536854,42.99,0.0
2023-02-01,71562080,352.05,0.0
2023-02-01,71594658,392.66,0.0
2023-02-01,71643841,232.5,0.0
2023-02-01,71675127,353.48,0.0
2023-02-01,71718483,1836.94,1089.6
2023-02-01,71791483,873.44,0.0
2023-02-01,71792376,4.39,0.0
2023-02-01,71825742,665.75,0.0
2023-02-01,71852263,676.77,0.0
2023-02-01,71868471,474.32,0.0
2023-02-01,71913103,5.42,0.0
2023-02-01,71934515,340.99,0.0
2023-02-01,71939863,252.53,136.22
2023-02-01,72008772,614.32,-110.9
2023-02-01,72050477,95.87,0.0
2023-02-01,72055977,172.73,0.0
2023-02-01,72087700,359.55,0.0
2023-02-01,72120467,340.15,0.0
2023-02-01,72164482,535.39,0.0
2023-02-01,72176895,109.78,0.0
2023-02-01,72208029,11.87,0.5
2023-02-01,72230395,773.55,0.0
2023-02-01,72268811,694.68,0.0
2023-02-01,72289791,502.96,0.0
2023-02-01,72292735,1191.31,-204.60000000000002
2023-02-01,72309641,386.61,0.0
2023-02-01,72323206,372.97,0.0
2023-02-01,72354216,852.23,0.0
2023-02-01,72446758,893.64,0.0
2023-02-01,72450129,697.38,-208.23
2023-02-01,72466733,580.24,0.0
2023-02-01,72526383,885.37,0.0
2023-02-01,72558185,793.9,0.0
2023-02-01,72600465,595.44,0.0
2023-02-01,72623919,610.63,0.0
2023-02-01,72627756,473.02,0.0
2023-02-01,72716288,167.69,0.0
2023-02-01,72771982,501.76,0.0
2023-02-01,72784766,543.86,19.170000000000016
2023-02-01,72799297,614.69,0.0
2023-02-01,72809561,270.68,0.0
2023-02-01,72809943,870.72,0.0
2023-02-01,72812647,217.41,-134.43
2023-02-01,72856610,680.07,103.99
2023-02-01,72894034,239.11,164.31
2023-02-01,72925782,351.64,0.0
2023-02-01,72934756,4956.24,741.76
2023-02-01,72971287,1850.24,2.259999999999991
2023-02-01,72986897,603.23,0.0
2023-02-01,72995062,827.93,321.2
2023-02-01,72996601,730.27,0.0
2023-02-01,73009461,938.52,0.0
2023-02-01,73015538,884.69,249.75
2023-02-01,73039019,360.0,0.0
2023-02-01,73059951,955.01,0.0
2023-02-01,73080553,880.06,0.0
2023-02-01,73124762,71.65,-99.81
2023-02-01,73208971,107.97,0.0
2023-02-01,73234341,811.71,0.0
2023-02-01,73269307,485.86,0.0
2023-02-01,73275714,924.88,0.0
2023-02-01,73282074,159.25,-61.23
2023-02-01,73321391,100.12,0.0
2023-02-01,73328955,404.7,0.0
2023-02-01,73410227,600.65,-219.71
2023-02-01,73439131,863.01,0.0
2023-02-01,73510067,895.82,0.0
2023-02-01,73512834,528.17,103.58
2023-02-01,73534143,804.34,0.0
2023-02-01,73538236,292.51,60.58
2023-02-01,73604500,689.4,0.0
2023-02-01,73642628,300.06,0.0
2023-02-01,73652359,80.58,0.0
2023-02-01,73668192,371.47,0.0
2023-02-01,73700087,274.17,0.0
2023-02-01,73744504,270.6,0.0
2023-02-01,73762750,154.93,-66.19
2023-02-01,73782061,891.9,0.0
2023-02-01,73878828,787.17,-58.02
2023-02-01,73983591,409.7,117.31
2023-02-01,73983601,617.23,0.0
2023-02-01,74012560,414.56,0.0
2023-02-01,74154906,743.84,0.0
2023-02-01,74163559,45.76,0.0
2023-02-01,74218001,133.02,0.0
2023-02-01,74252410,621.4200000000001,-184.62
2023-02-01,74255305,3.7,0.0
2023-02-01,74281404,222.69,-456.2
2023-02-01,74304084,1014.93,131.58
2023-02-01,74365725,518.04,0.0
2023-02-01,74367877,864.56,45.64
2023-02-01,74387481,883.93,0.0
2023-02-01,74441123,689.27,-143.97
2023-02-01,74539170,417.58,0.0
2023-02-01,74544582,349.0,-58.96
2023-02-01,74604471,661.57,0.0
2023-02-01,74662976,2417.0,1634.7
2023-02-01,74703933,561.14,239.72
2023-02-01,74709026,465.39,0.0
2023-02-01,74768567,557.15,0.0
2023-02-01,74770758,787.38,143.86
2023-02-01,74822001,673.61,0.0
2023-02-01,75000628,117.33,0.0
2023-02-01,75004471,435.54,0.0
2023-02-01,75027308,307.44,0.0
2023-02-01,75068844,852.47,0.0
2023-02-01,75094093,478.09,0.0
2023-02-01,75134291,903.25,0.0
2023-02-01,75164598,654.36,84.96
2023-02-01,75172199,1755.0,800.0
2023-02-01,75205767,126.25,12.5
2023-02-01,75216128,671.26,0.0
2023-02-01,75223089,557.48,0.0
2023-02-01,75258542,772.67,0.0
2023-02-01,75331062,242.54,124.73
2023-02-01,75355842,621.95,0.0
2023-02-01,75394177,617.53,23.189999999999998
2023-02-01,75428657,551.94,96.14
2023-02-01,75468090,984.92,0.0
2023-02-01,75551521,367.75,-170.89
2023-02-01,75553043,544.73,-124.86
2023-02-01,75569387,2024.87,1775.6
2023-02-01,75573750,-409.0,-671.47
2023-02-01,75687743,668.39,0.0
2023-02-01,75692380,477.28,0.0
2023-02-01,75696521,660.34,0.0
2023-02-01,75747094,181.31,-108.17
2023-02-01,75762044,980.08,0.0
2023-02-01,75782714,105.34,0.0
2023-02-01,75839704,202.34,0.0
2023-02-01,75893682,573.74,0.0
2023-02-01,75925793,533.66,107.97
2023-02-01,75946768,103.05,0.0
2023-02-01,75954317,583.28,0.0
2023-02-01,75969874,454.25,0.0
2023-02-01,76078639,327.97,9.8
2023-02-01,76096120,880.75,-115.85
2023-02-01,76099143,525.4,0.0
2023-02-01,76122310,985.6,0.0
2023-02-01,76146870,414.24,0.0
2023-02-01,76169332,615.46,0.0
2023-02-01,76206810,758.85,-128.78
2023-02-01,76245103,814.75,0.0
2023-02-01,76256026,150.92,114.21
2023-02-01,76257915,795.66,0.0
2023-02-01,76273831,866.62,0.0
2023-02-01,76318330,-250.24,-960.8
2023-02-01,76336076,288.71,0.0
2023-02-01,76342664,371.62,0.0
2023-02-01,76343783,42.36,0.0
2023-02-01,76355557,285.61,0.0
2023-02-01,76454427,267.03,0.0
2023-02-01,76470405,726.43,120.13
2023-02-01,76474111,652.42,88.99
2023-02-01,76482858,568.63,0.0
2023-02-01,76524911,149.35,-41.55
2023-02-01,76537084,884.7,0.0
2023-02-01,76546657,434.77,0.0
2023-02-01,76629706,962.66,0.0
2023-02-01,76662799,212.61,-84.07
2023-02-01,76698056,827.36,0.0
2023-02-01,76720959,436.06,0.0
2023-02-01,76787359,386.73,0.0
2023-02-01,76799768,903.27,-77.81
2023-02-01,76847816,234.09,-145.45
2023-02-01,76857747,952.88,0.0
2023-02-01,76869201,417.36,-98.26
2023-02-01,76869375,2015.56,133.53
2023-02-01,76953050,453.1,0.0
2023-02-01,77010964,899.11,0.0
2023-02-01,77017650,596.2,-103.04
2023-02-01,77026279,126.05,0.0
2023-02-01,77207452,696.83,0.0
2023-02-01,77241606,761.38,0.0
2023-02-01,77243259,1296.77,-19.92
2023-02-01,77289104,737.08,0.0
2023-02-01,77342574,791.93,-115.41
2023-02-01,77377150,664.96,-8.07
2023-02-01,77379844,32.65,0.0
2023-02-01,77387016,894.34,0.0
2023-02-01,77418940,263.71,0.0
2023-02-01,77447018,754.64,0.0
2023-02-01,77504884,916.33,695.3
2023-02-01,77551209,7.33,0.0
2023-02-01,77554032,646.5,0.0
2023-02-01,77587664,769.43,0.0
2023-02-01,77646359,434.93,0.0
2023-02-01,77668890,804.88,0.0
2023-02-01,77688406,224.2,0.0
2023-02-01,77717508,319.31,-173.96
2023-02-01,77722115,575.18,-160.76
2023-02-01,77737443,220.7,0.0
2023-02-01,77792490,672.38,-150.38
2023-02-01,77797288,199.97,0.0
2023-02-01,77802960,157.47,0.0
2023-02-01,77838890,1036.77,85.61
2023-02-01,77841390,673.82,0.0
2023-02-01,77847751,850.14,0.0
2023-02-01,77867306,907.96,0.0
2023-02-01,77880852,550.69,0.0
2023-02-01,77911836,87.75,0.0
2023-02-01,77913078,900.18,14.22
2023-02-01,77917083,929.41,0.0
2023-02-01,77931114,538.47,57.95
2023-02-01,77966293,904.28,0.0
2023-02-01,77980498,2264.9300000000003,-234.22000000000003
2023-02-01,78004131,689.07,-34.17
2023-02-01,78047487,417.33,0.0
2023-02-01,78065026,356.26,0.0
2023-02-01,78072161,837.5,-76.69
2023-02-01,78076137,419.4,128.93
2023-02-01,78129803,233.76,0.0
2023-02-01,78133064,103.96,0.0
2023-02-01,78167719,969.06,0.0
2023-02-01,78175956,124.55,0.0
2023-02-01,78184766,98.1,0.0
2023-02-01,78234498,767.06,69.18
2023-02-01,78257880,933.22,0.0
2023-02-01,78268704,888.99,0.0
2023-02-01,78296743,-1481.23,-1888.2
2023-02-01,78303304,921.4,0.0
2023-02-01,78343618,231.04000000000002,89.75
2023-02-01,78362587,-901.71,-1292.5
2023-02-01,78392456,592.04,0.0
2023-02-01,78395863,626.58,168.34
2023-02-01,78493642,748.98,0.0
2023-02-01,78501355,910.42,0.0
2023-02-01,78541427,366.51,0.0
2023-02-01,78580221,377.1,105.16
2023-02-01,78584818,723.21,0.0
2023-02-01,78667134,672.23,0.0
2023-02-01,78673350,307.25,0.0
2023-02-01,78716149,608.99,-49.84
2023-02-01,78767161,133.01,-115.41
2023-02-01,78773905,511.78,0.0
2023-02-01,78807944,351.58,-90.9
2023-02-01,78844183,194.7,0.0
2023-02-01,78905675,-72.9,-84.08
2023-02-01,78913378,293.83,-84.25
2023-02-01,78927989,825.23,0.0
2023-02-01,78945298,609.68,0.0
2023-02-01,78953379,45.3,0.0
2023-02-01,79015773,706.11,0.0
2023-02-01,79033058,-70.41,-167.53
2023-02-01,79036903,507.29,16.06
2023-02-01,79069274,685.1,0.0
2023-02-01,79090076,250.08,130.83
2023-02-01,79091642,961.45,0.0
2023-02-01,79118116,931.81,-49.97
2023-02-01,79147964,2921.24,219.97
2023-02-01,79163824,38.35,-899.8
2023-02-01,79169988,354.01,0.0
2023-02-01,79181666,600.88,0.0
2023-02-01,79213491,308.65,0.0
2023-02-01,79307217,307.87,0.0
2023-02-01,79309039,545.94,-96.14
2023-02-01,79325967,647.65,0.0
2023-02-01,79329254,984.43,0.0
2023-02-01,79355498,945.34,812.6
2023-02-01,79380893,100.04,-63.11
2023-02-01,79415620,729.51,0.0
2023-02-01,79435523,920.0,0.0
2023-02-01,79499412,2767.7200000000003,1487.9
2023-02-01,79566165,-21.56,-86.03
2023-02-01,79566627,377.62,0.0
2023-02-01,79570236,91.66,0.0
2023-02-01,79599747,393.28,0.0
2023-02-01,79632523,867.95,0.0
2023-02-01,79656112,848.18,0.0
2023-02-01,79656355,2586.71,1820.3
2023-02-01,79757019,252.69,-116.57
2023-02-01,79771974,350.67,0.0
2023-02-01,79792810,505.57,0.0
2023-02-01,79933337,593.04,84.25
2023-02-01,80001684,572.24,0.0
2023-02-01,80005822,930.08,0.0
2023-02-01,80015485,310.56,0.0
2023-02-01,80040176,533.74,0.0
2023-02-01,80046304,951.74,0.0
2023-02-01,80135904,120.34,0.0
2023-02-01,80168427,-305.48,-262.28
2023-02-01,80184223,52.59,0.0
2023-02-01,80244844,684.47,-90.07
2023-02-01,80283776,334.03,0.0
2023-02-01,80291188,408.92,70.27
2023-02-01,80304720,785.12,170.25
2023-02-01,80325529,996.6,0.0
2023-02-01,80355773,868.34,-37.94
2023-02-01,80360244,658.35,0.0
2023-02-01,80379245,737.11,-56.06
2023-02-01,80391084,466.35,0.0
2023-02-01,80428983,323.32,0.0
2023-02-01,80439799,968.23,0.0
2023-02-01,80464084,12.73,0.0
2023-02-01,80504934,759.22,0.0
2023-02-01,80596699,479.06,254.01
2023-02-01,80610910,139.54,0.0
2023-02-01,80678427,454.67,156.33
2023-02-01,80678577,288.61,0.0
2023-02-01,80709302,280.92,0.0
2023-02-01,80747298,768.33,0.0
2023-02-01,80758476,977.44,0.0
2023-02-01,80761210,401.74,-143.85
2023-02-01,80778066,161.91,-55.58
2023-02-01,80787776,602.72,142.26
2023-02-01,80808205,192.82,-88.1
2023-02-01,80811957,139.95,0.0
2023-02-01,80812213,277.14,0.0
2023-02-01,80818151,396.0,75.36
2023-02-01,80877479,210.98,0.0
2023-02-01,80884901,453.71,0.0
2023-02-01,80889919,298.45,0.0
2023-02-01,80938878,29.73,0.0
2023-02-01,80939694,923.76,0.0
2023-02-01,80940019,957.41,0.0
2023-02-01,81049128,694.91,0.0
2023-02-01,81075588,887.49,192.73000000000002
2023-02-01,81087182,861.31,0.0
2023-02-01,81099534,117.12,-99.68
2023-02-01,81145048,290.02,0.0
2023-02-01,81159651,466.71,0.0
2023-02-01,81181209,828.91,0.0
2023-02-01,81191580,584.56,0.0
2023-02-01,81200849,479.29,0.0
2023-02-01,81206535,452.69,0.0
2023-02-01,81227009,1109.07,62.339999999999996
2023-02-01,81245588,775.87,0.0
2023-02-01,81267006,425.16,0.0
2023-02-01,81336389,329.56,119.5
2023-02-01,81336468,935.41,0.0
2023-02-01,81337623,815.36,0.0
2023-02-01,81340143,647.34,0.0
2023-02-01,81384411,175.86,0.0
2023-02-01,81398388,979.87,0.0
2023-02-01,81445756,267.66,0.0
2023-02-01,81475774,568.11,0.0
2023-02-01,81527490,131.44,-102.61
2023-02-01,81561788,454.89,0.0
2023-02-01,81590655,742.17,0.0
2023-02-01,81646873,188.36,0.0
2023-02-01,81651344,219.55,0.0
2023-02-01,81655495,-824.37,-1139.7
2023-02-01,81662619,574.43,-137.9
2023-02-01,81727860,192.44,0.0
2023-02-01,81740267,67.86,0.0
2023-02-01,81823420,361.83,102.1
2023-02-01,81855175,1681.13,-91.71000000000001
2023-02-01,81923993,686.37,0.0
2023-02-01,81932657,513.02,138.7
2023-02-01,81994568,578.86,0.0
2023-02-01,82002852,816.53,0.0
2023-02-01,82023979,744.37,0.0
2023-02-01,82027257,681.1,0.0
2023-02-01,82043720,856.58,52.9
2023-02-01,82101740,397.15,-72.19
2023-02-01,82115900,446.89,0.0
2023-02-01,82177278,236.32,0.0
2023-02-01,82188502,1612.22,-30.010000000000005
2023-02-01,82233451,893.08,97.37
2023-02-01,82259327,982.72,0.0
2023-02-01,82263080,928.54,0.0
2023-02-01,82283956,586.8,-158.92
2023-02-01,82303710,619.98,0.0
2023-02-01,82314789,788.86,53.09
2023-02-01,82424659,568.77,0.0
2023-02-01,82461559,652.26,0.0
2023-02-01,82543932,279.1,0.0
2023-02-01,82558079,381.22,0.0
2023-02-01,82568859,32.21,0.0
2023-02-01,82589836,648.06,0.0
2023-02-01,82696309,442.98,90.9
2023-02-01,82734145,278.57,0.0
2023-02-01,82764940,918.71,42.34
2023-02-01,82776251,838.88,91.77
2023-02-01,82807528,117.15,0.0
2023-02-01,82879607,72.18,0.0
2023-02-01,82911152,564.11,0.0
2023-02-01,82920281,41.13,0.0
2023-02-01,82927034,435.71,0.0
2023-02-01,82930132,131.87,0.0
2023-02-01,83003822,286.54,0.0
2023-02-01,83056011,968.4,0.0
2023-02-01,83067540,258.33,0.0
2023-02-01,83081615,301.32,0.0
2023-02-01,83124388,504.59,0.0
2023-02-01,83128181,718.76,-97.36
2023-02-01,83128544,25.71,0.0
2023-02-01,83166098,711.1,-116.71
2023-02-01,83187508,845.22,130.8
2023-02-01,83191889,344.33,0.0
2023-02-01,83202693,165.41,0.0
2023-02-01,83281565,968.83,0.0
2023-02-01,83302154,465.25,0.0
2023-02-01,83443439,97.61,0.0
2023-02-01,83475318,133.13,-95.83
2023-02-01,83530155,638.57,0.0
2023-02-01,83530541,630.6,0.0
2023-02-01,83531401,445.24,0.0
2023-02-01,83539050,172.33,0.0
2023-02-01,83557419,374.69,0.0
2023-02-01,83565726,910.38,0.0
2023-02-01,83573848,723.94,-94.56
2023-02-01,83639740,266.62,0.0
2023-02-01,83659554,548.94,0.0
2023-02-01,83668302,686.96,0.0
2023-02-01,83672404,433.63,164.06
2023-02-01,83693383,138.05,0.0
2023-02-01,83698413,223.67,0.0
2023-02-01,83788130,701.22,-132.46
2023-02-01,83796561,-1829.22,-2239.3
2023-02-01,83828891,780.59,0.0
2023-02-01,83852014,933.42,103.4
2023-02-01,83854141,280.06,0.0
2023-02-01,83891783,13.83,-144.25
2023-02-01,83975923,680.66,-156.79
2023-02-01,83981442,89.35,0.0
2023-02-01,84070285,796.6,0.0
2023-02-01,84107088,2.2,0.0
2023-02-01,84187157,252.9,0.0
2023-02-01,84188877,624.29,0.0
2023-02-01,84275961,763.43,138.19
2023-02-01,84280969,161.7,0.0
2023-02-01,84290934,914.5,0.0
2023-02-01,84295462,1067.53,913.5
2023-02-01,84310867,323.78,65.12
2023-02-01,84333228,330.99,0.0
2023-02-01,84334262,525.57,0.0
2023-02-01,84366763,734.48,0.0
2023-02-01,84375036,470.32,114.22
2023-02-01,84396180,103.83,0.0
2023-02-01,84406205,818.63,0.0
2023-02-01,84411377,870.25,0.0
2023-02-01,84411930,916.61,0.0
2023-02-01,84416510,793.45,0.0
2023-02-01,84418749,1236.87,121.93
2023-02-01,84448752,412.15,0.0
2023-02-01,84471701,151.27,62.0
2023-02-01,84656105,547.59,0.0
2023-02-01,84682032,612.1,0.0
2023-02-01,84695068,693.94,0.0
2023-02-01,84714323,667.61,0.0
2023-02-01,84746166,806.73,0.0
2023-02-01,84778718,521.14,0.0
2023-02-01,84822607,425.79,0.0
2023-02-01,84853260,925.31,0.0
2023-02-01,84928531,161.27,-75.09
2023-02-01,84951477,316.2,0.0
2023-02-01,84964879,736.49,106.68
2023-02-01,84969883,672.74,0.0
2023-02-01,84995019,1158.74,-215.07
2023-02-01,85001424,549.63,-103.68
2023-02-01,85057916,656.89,0.0
2023-02-01,85128569,340.68,0.0
2023-02-01,85140734,1942.28,337.25
2023-02-01,85156953,900.09,0.0
2023-02-01,85177718,478.18,0.0
2023-02-01,85182642,451.38,0.0
2023-02-01,85192761,982.48,0.0
2023-02-01,85238291,522.7,-142.98
2023-02-01,85250129,281.7,-119.21
2023-02-01,85265080,1702.4,-204.57999999999998
2023-02-01,85310930,688.91,0.0
2023-02-01,85336547,785.57,0.0
2023-02-01,85341369,1078.5,146.39
2023-02-01,85344981,874.46,0.0
2023-02-01,85362253,727.13,-63.28
2023-02-01,85399459,705.94,0.0
2023-02-01,85420056,107.03,0.0
2023-02-01,85423742,131.14,0.0
2023-02-01,85435135,106.63,0.0
2023-02-01,85482194,997.62,0.0
2023-02-01,85490561,512.78,0.0
2023-02-01,85493851,796.35,0.0
2023-02-01,85496714,353.13,0.0
2023-02-01,85498335,745.08,0.0
2023-02-01,85498936,47.77,0.0
2023-02-01,85501046,202.72,-152.04
2023-02-01,85503501,67.12,53.46
2023-02-01,85551186,909.25,0.0
2023-02-01,85559926,297.6,-125.68
2023-02-01,85562851,499.37,0.0
2023-02-01,85609963,424.83,0.0
2023-02-01,85652943,424.5,0.0
2023-02-01,85679194,891.99,0.0
2023-02-01,85709972,936.57,0.0
2023-02-01,85723355,745.34,0.0
2023-02-01,85724829,189.94,0.0
2023-02-01,85771346,458.88,0.0
2023-02-01,85826354,611.74,0.0
2023-02-01,85839285,1365.16,637.1
2023-02-01,85841767,346.54,-111.89
2023-02-01,85846175,22.88,0.0
2023-02-01,85848442,118.46,0.0
2023-02-01,85874418,0.42,-151.41
2023-02-01,85902834,357.94,0.0
2023-02-01,85919813,754.16,106.8
2023-02-01,85924719,472.05,0.0
2023-02-01,85939269,101.19,-121.91
2023-02-01,85940057,1591.07,1069.7
2023-02-01,85951663,484.45,99.45
2023-02-01,85994636,705.2,-114.04
2023-02-01,86007729,320.78,0.0
2023-02-01,86020532,972.95,0.0
2023-02-01,86031592,1388.32,-10.760000000000005
2023-02-01,86053438,1455.96,1152.9
2023-02-01,86068003,567.14,0.0
2023-02-01,86086812,832.82,0.0
2023-02-01,86092750,261.57,0.0
2023-02-01,86106528,238.55,0.0
2023-02-01,86108287,523.61,0.0
2023-02-01,86131065,920.08,0.0
2023-02-01,86155528,853.94,81.56
2023-02-01,86169883,452.25,0.0
2023-02-01,86190489,237.72,0.0
2023-02-01,86207903,1609.25,-172.45000000000002
2023-02-01,86218347,646.82,165.66
2023-02-01,86228741,562.04,0.0
2023-02-01,86263956,852.67,0.0
2023-02-01,86266595,383.23,-156.73
2023-02-01,86268635,679.32,0.0
2023-02-01,86272488,-79.06,-90.79
2023-02-01,86297017,906.85,103.04
2023-02-01,86339581,91.76,0.0
2023-02-01,86339899,1551.28,14.099999999999909
2023-02-01,86406958,842.43,0.0
2023-02-01,86439949,782.42,0.0
2023-02-01,86489618,488.7,0.0
2023-02-01,86496446,39.23,-85.61
2023-02-01,86530050,550.33,103.16
2023-02-01,86596620,512.69,0.0
2023-02-01,86624158,818.29,0.0
2023-02-01,86637863,672.86,0.0
2023-02-01,86655008,1458.6799999999998,31.169999999999995
2023-02-01,86698396,314.21,0.0
2023-02-01,86728138,175.36,0.0
2023-02-01,86737119,432.69,0.0
2023-02-01,86765156,290.53,0.0
2023-02-01,86785126,148.21,0.0
2023-02-01,86788651,1775.08,370.17999999999995
2023-02-01,86795912,295.95,0.0
2023-02-01,86816054,391.59,0.0
2023-02-01,86864320,507.56,-103.58
2023-02-01,86870860,987.14,0.0
2023-02-01,86893452,347.12,-1044.73
2023-02-01,86941058,3876.71,673.77
2023-02-01,86995846,956.26,0.0
2023-02-01,87010556,175.33,0.0
2023-02-01,87101816,711.91,-150.96
2023-02-01,87121270,122.09,0.0
2023-02-01,87133080,947.42,0.0
2023-02-01,87171530,602.5,-102.91
2023-02-01,87179572,1819.73,1292.5
2023-02-01,87195449,493.58,0.0
2023-02-01,87231063,305.69,0.0
2023-02-01,87261089,613.62,0.0
2023-02-01,87261106,203.16,0.0
2023-02-01,87276000,2131.5,299.48
2023-02-01,87297577,351.06,0.0
2023-02-01,87325576,168.82,-185.45
2023-02-01,87356428,705.05,0.0
2023-02-01,87373821,1586.3600000000001,-233.73
2023-02-01,87433733,34.77,0.0
2023-02-01,87456121,334.19,76.69
2023-02-01,87504607,691.84,86.21
2023-02-01,87533652,156.61,0.0
2023-02-01,87543952,14.85,0.0
2023-02-01,87556975,657.17,0.0
2023-02-01,87726203,55.92,0.0
2023-02-01,87735660,990.25,0.0
2023-02-01,87746071,109.61,-106.3
2023-02-01,87801896,181.56,0.0
2023-02-01,87807990,390.19,72.79
2023-02-01,87817645,1164.47,181.11
2023-02-01,87827496,935.66,0.0
2023-02-01,87836000,937.46,0.0
2023-02-01,87876065,5020.79,1944.8899999999999
2023-02-01,87906438,196.99,0.0
2023-02-01,87911550,149.29,0.0
2023-02-01,87913244,867.43,136.95
2023-02-01,87967388,682.7,0.0
2023-02-01,88033693,917.7,0.0
2023-02-01,88040274,550.79,0.0
2023-02-01,88074391,851.54,0.0
2023-02-01,88106566,477.78,0.0
2023-02-01,88160468,70.17999999999995,-1125.93
2023-02-01,88229109,730.76,0.0
2023-02-01,88235115,150.58,0.0
2023-02-01,88285378,473.79,0.0
2023-02-01,88293767,487.22,0.0
2023-02-01,88306714,808.0,0.0
2023-02-01,88343796,338.0,0.0
2023-02-01,88381437,472.65,0.0
2023-02-01,88399132,751.13,0.0
2023-02-01,88436283,689.71,0.0
2023-02-01,88466448,920.61,0.0
2023-02-01,88476961,600.61,75.85
2023-02-01,88482062,-171.89,-321.2
2023-02-01,88489173,645.44,169.18
2023-02-01,88538200,518.77,0.0
2023-02-01,88551691,1068.65,89.41
2023-02-01,88558016,156.64,0.0
2023-02-01,88568543,304.49,-168.34
2023-02-01,88570753,62.48,0.0
2023-02-01,88580402,222.65,104.47
2023-02-01,88646863,250.52,0.0
2023-02-01,88657589,712.85,0.0
2023-02-01,88676459,380.51,94.56
2023-02-01,88681540,1148.35,-36.13000000000001
2023-02-01,88710457,818.28,0.0
2023-02-01,88732093,145.58,-51.030000000000015
2023-02-01,88824263,266.95,-28.95
2023-02-01,88831746,565.27,0.0
2023-02-01,88834465,18.3,0.0
2023-02-01,88837750,269.14,0.0
2023-02-01,88857879,601.01,0.0
2023-02-01,88926132,275.1,0.0
2023-02-01,88933315,911.46,216.48000000000002
2023-02-01,88968006,952.66,0.0
2023-02-01,88974311,348.88,-152.59
2023-02-01,89065134,447.32,0.0
2023-02-01,89088715,336.6,0.0
2023-02-01,89117536,123.22,0.0
2023-02-01,89194917,332.56,0.0
2023-02-01,89223056,139.98,0.0
2023-02-01,89225677,660.05,0.0
2023-02-01,89244577,706.67,0.0
2023-02-01,89309725,858.68,0.0
2023-02-01,89318229,675.08,0.0
2023-02-01,89353946,809.48,0.0
2023-02-01,89369216,305.47,-99.09
2023-02-01,89406032,453.31,0.0
2023-02-01,89407337,211.2,0.0
2023-02-01,89438779,243.35,-104.57
2023-02-01,89471153,52.29,0.0
2023-02-01,89497773,637.02,0.0
2023-02-01,89503991,204.52,0.0
2023-02-01,89608054,495.15,0.0
2023-02-01,89629293,292.31,0.0
2023-02-01,89632856,557.83,0.0
2023-02-01,89645445,287.29,0.0
2023-02-01,89650416,-59.72,-205.89
2023-02-01,89689059,906.88,0.0
2023-02-01,89697097,449.71,0.0
2023-02-01,89720252,672.88,0.0
2023-02-01,89761152,923.01,0.0
2023-02-01,89905732,883.38,0.0
2023-02-01,89916489,552.43,-174.0
2023-02-01,89972805,456.55,0.0
2023-02-01,89983842,880.93,0.0
2023-02-01,90019913,430.21,0.0
2023-02-01,90044139,568.28,0.0
2023-02-01,90054505,456.58,-129.54
2023-02-01,90090889,836.85,0.0
2023-02-01,90118682,58.16,0.0
2023-02-01,90168031,26.13,-170.35
2023-02-01,90203948,689.49,0.0
2023-02-01,90233696,701.16,73.14
2023-02-01,90287712,421.42,105.25
2023-02-01,90313378,743.7,0.0
2023-02-01,90336689,847.88,0.0
2023-02-01,90338454,586.61,-162.02
2023-02-01,90349791,568.63,0.0
2023-02-01,90446254,930.0,0.0
2023-02-01,90480183,465.06,0.0
2023-02-01,90549616,-1051.18,-956.8800000000001
2023-02-01,90589761,535.28,0.0
2023-02-01,90625637,477.46,0.0
2023-02-01,90717656,409.99,0.0
2023-02-01,90745743,232.08,-142.99
2023-02-01,90824896,484.11,0.0
2023-02-01,90851200,361.43,0.0
2023-02-01,90871147,362.86,0.0
2023-02-01,90894195,157.01,0.0
2023-02-01,90932350,480.51,0.0
2023-02-01,90951743,220.81,0.0
2023-02-01,90982016,776.15,0.0
2023-02-01,91020929,240.56,-107.56
2023-02-01,91062192,211.52,0.0
2023-02-01,91142310,363.08,0.0
2023-02-01,91184544,64.05,0.0
2023-02-01,91246568,147.43,0.0
2023-02-01,91251995,244.0,0.0
2023-02-01,91259453,816.68,0.0
2023-02-01,91305080,228.84,105.63
2023-02-01,91349198,669.58,0.0
2023-02-01,91373446,473.83,-87.59
2023-02-01,91382872,782.62,0.0
2023-02-01,91423814,957.99,0.0
2023-02-01,91445572,405.88,0.0
2023-02-01,91576212,824.71,0.0
2023-02-01,91605034,560.96,0.0
2023-02-01,91621026,834.74,0.0
2023-02-01,91658755,473.65,126.06
2023-02-01,91703213,945.92,54.25
2023-02-01,91747441,356.85,0.0
2023-02-01,91819341,701.61,0.0
2023-02-01,91829198,103.19,0.0
2023-02-01,91834926,793.19,0.0
2023-02-01,91859090,10.38,0.0
2023-02-01,91885907,652.65,0.0
2023-02-01,91939298,-60.1,-121.69
2023-02-01,91943555,438.21,0.0
2023-02-01,91944915,701.33,100.12
2023-02-01,91957838,587.57,0.0
2023-02-01,91971494,74.37,0.0
2023-02-01,91972687,463.97,0.0
2023-02-01,92001688,339.08,0.0
2023-02-01,92015508,457.52,0.0
2023-02-01,92037264,252.95,0.0
2023-02-01,92052516,466.43,0.0
2023-02-01,92145159,869.42,333.6
2023-02-01,92155262,501.67,0.0
2023-02-01,92195724,1527.07,-25.519999999999996
2023-02-01,92212099,584.21,0.0
2023-02-01,92214557,431.43,173.01
2023-02-01,92221411,727.0,-122.46
2023-02-01,92232319,416.11,0.0
2023-02-01,92234913,613.18,0.0
2023-02-01,92287463,172.18,-84.96
2023-02-01,92319358,210.57,94.06
2023-02-01,92338537,240.88,-75.36
2023-02-01,92340721,844.79,0.0
2023-02-01,92376825,482.27,158.59
2023-02-01,92390334,466.4,-136.22
2023-02-01,92423759,475.1,0.0
2023-02-01,92437489,24.19,0.0
2023-02-01,92551293,252.3,0.0
2023-02-01,92563438,1981.7999999999997,-57.379999999999995
2023-02-01,92684055,430.86,0.0
2023-02-01,92750088,-509.3,-1069.7
2023-02-01,92770567,829.57,-120.09
2023-02-01,92840827,403.77,0.0
2023-02-01,92872571,1029.09,96.06
2023-02-01,92898446,64.49,0.0
2023-02-01,92910876,643.19,0.0
2023-02-01,92920645,644.88,0.0
2023-02-01,92931020,754.11,0.0
2023-02-01,92943637,28.23,0.0
2023-02-01,92944470,598.07,152.59
2023-02-01,92963966,986.69,3.04
2023-02-01,93009261,675.04,0.0
2023-02-01,93039862,806.99,0.0
2023-02-01,93076057,218.56,0.0
2023-02-01,93128216,834.73,0.0
2023-02-01,93147630,403.93,0.0
2023-02-01,93192347,-979.19,-1277.2
2023-02-01,93248179,568.31,-157.47000000000003
2023-02-01,93306742,388.54,0.0
2023-02-01,93325549,339.08,177.63
2023-02-01,93346040,746.89,-69.18
2023-02-01,93349543,206.82,-122.63
2023-02-01,93355755,753.84,0.0
2023-02-01,93388304,73.0,0.0
2023-02-01,93409343,1579.15,830.7
2023-02-01,93429066,652.04,0.0
2023-02-01,93443317,429.98,124.69
2023-02-01,93446276,1153.12,134.8
2023-02-01,93529019,463.32,0.0
2023-02-01,93559470,84.06,-126.64
2023-02-01,93564856,351.9,117.24
2023-02-01,93569124,221.11,0.0
2023-02-01,93624474,622.14,0.0
2023-02-01,93630048,317.95,0.0
2023-02-01,93707181,421.54,99.63
2023-02-01,93745446,574.89,0.0
2023-02-01,93747938,724.31,0.0
2023-02-01,93840154,159.7,0.0
2023-02-01,93932516,575.82,0.0
2023-02-01,93981472,175.68,0.0
2023-02-01,94044891,367.77,0.0
2023-02-01,94060198,-1353.5,-1663.4
2023-02-01,94082779,49.87,0.0
2023-02-01,94096082,342.2,0.0
2023-02-01,94106013,844.86,0.0
2023-02-01,94163785,953.91,0.0
2023-02-01,94171142,138.86,-123.08
2023-02-01,94200289,207.5,0.0
2023-02-01,94208888,97.84,0.0
2023-02-01,94212460,215.27,0.0
2023-02-01,94228831,277.02,0.0
2023-02-01,94247629,308.63,0.0
2023-02-01,94331180,34.33,-54.98
2023-02-01,94342965,282.51,0.0
2023-02-01,94365401,81.28,0.0
2023-02-01,94409941,550.32,-92.51
2023-02-01,94437482,415.91,0.0
2023-02-01,94457332,764.02,0.0
2023-02-01,94493359,17.96,0.0
2023-02-01,94525216,635.22,0.0
2023-02-01,94566140,31.61,0.0
2023-02-01,94615411,147.21,0.0
2023-02-01,94629877,908.69,0.0
2023-02-01,94635297,353.43,0.0
2023-02-01,94645169,756.17,-98.05
2023-02-01,94660017,-7.85,-115.14
2023-02-01,94677908,458.74,115.41
2023-02-01,94716844,502.94,-102.9
2023-02-01,94729530,2502.39,258.66
2023-02-01,94732589,697.54,0.0
2023-02-01,94748860,630.6,0.0
2023-02-01,94796578,-357.21,-1057.7
2023-02-01,94814824,716.75,0.0
2023-02-01,94893604,411.26,122.07
2023-02-01,94935991,645.53,0.0
2023-02-01,94973297,761.68,0.0
2023-02-01,95009921,783.04,124.27
2023-02-01,95060122,771.61,0.0
2023-02-01,95081571,635.81,-76.26
2023-02-01,95113741,102.12,0.0
2023-02-01,95213279,441.59,0.0
2023-02-01,95258436,59.55,0.0
2023-02-01,95274344,990.84,0.0
2023-02-01,95277712,235.91,0.0
2023-02-01,95307629,591.63,89.15
2023-02-01,95309911,89.19,-82.42
2023-02-01,95356167,170.2,0.0
2023-02-01,95367755,926.51,0.0
2023-02-01,95390412,403.24,-149.8
2023-02-01,95412973,892.85,0.0
2023-02-01,95446510,581.43,0.0
2023-02-01,95452518,390.37,0.0
2023-02-01,95467370,307.45,0.0
2023-02-01,95527674,853.31,164.94
2023-02-01,95564462,643.45,0.0
2023-02-01,95600095,400.05,0.0
2023-02-01,95642341,1242.18,546.3
2023-02-01,95645055,645.58,0.0
2023-02-01,95674888,963.78,124.86
2023-02-01,95710324,978.16,0.0
2023-02-01,95723006,861.2,0.0
2023-02-01,95743658,645.08,58.18
2023-02-01,95759022,154.41,76.39
2023-02-01,95868007,885.17,-89.15
2023-02-01,95898143,197.65,0.0
2023-02-01,95993993,95.41,0.0
2023-02-01,96050548,299.46,0.0
2023-02-01,96051784,133.59,111.89
2023-02-01,96121732,1611.3,-17.0
2023-02-01,96153427,108.41,84.08
2023-02-01,96197628,829.37,0.0
2023-02-01,96200049,1020.81,61.23
2023-02-01,96208050,105.75999999999999,-188.17000000000002
2023-02-01,96224831,926.76,0.0
2023-02-01,96227490,242.11,0.0
2023-02-01,96236719,999.32,0.0
2023-02-01,96278865,930.45,0.0
2023-02-01,96281358,463.07,0.0
2023-02-01,96291927,306.62,79.4
2023-02-01,96319450,965.61,186.45
2023-02-01,96367781,880.44,0.0
2023-02-01,96367914,528.67,0.0
2023-02-01,96401230,1684.84,1663.4
2023-02-01,96510893,396.83,0.0
2023-02-01,96605778,-42.26,-112.98
2023-02-01,96649120,307.91,0.0
2023-02-01,96689242,941.92,45.7
2023-02-01,96719450,633.74,0.0
2023-02-01,96756719,601.68,0.0
2023-02-01,96837696,889.9,0.0
2023-02-01,96847078,518.42,105.94
2023-02-01,96948178,217.26,0.0
2023-02-01,97010482,626.16,83.77
2023-02-01,97036090,349.78,0.0
2023-02-01,97048058,977.42,0.0
2023-02-01,97098684,462.95,-0.96
2023-02-01,97187999,214.31,43.65
2023-02-01,97258853,454.82,106.33
2023-02-01,97265555,210.49,137.25
2023-02-01,97294152,5928.79,1318.88
2023-02-01,97305293,241.02,0.0
2023-02-01,97328154,535.51,0.0
2023-02-01,97405607,981.02,0.0
2023-02-01,97426293,771.74,0.0
2023-02-01,97439311,196.91,0.0
2023-02-01,97445899,-278.28,-473.7
2023-02-01,97487639,908.8499999999999,-9.519999999999996
2023-02-01,97501557,572.14,0.0
2023-02-01,97521278,833.78,0.0
2023-02-01,97526378,540.88,0.0
2023-02-01,97541080,677.34,0.0
2023-02-01,97542348,1810.4,175.3
2023-02-01,97555037,405.29,0.0
2023-02-01,97558121,699.28,0.0
2023-02-01,97571696,1983.92,1361.0
2023-02-01,97581232,608.89,0.0
2023-02-01,97624673,481.09,0.0
2023-02-01,97738591,254.4,0.0
2023-02-01,97762952,372.96,-38.91
2023-02-01,97773835,165.51,0.0
2023-02-01,97843608,19.05,0.0
2023-02-01,97844854,547.15,0.0
2023-02-01,97870414,403.03999999999996,-1074.1100000000001
2023-02-01,97913385,1244.05,148.81
2023-02-01,97935683,40.96,0.0
2023-02-01,97939041,320.97,0.0
2023-02-01,97944124,258.19,0.0
2023-02-01,97954732,506.16,0.0
2023-02-01,97970258,457.37,-125.03
2023-02-01,97983552,1255.02,670.1
2023-02-01,97985291,234.19,0.0
2023-02-01,97988499,246.91,-97.37
2023-02-01,98043237,491.59,0.0
2023-02-01,98070849,4915.42,213.59
2023-02-01,98107200,325.82,0.0
2023-02-01,98112233,68.76,-54.5
2023-02-01,98119030,179.3,0.0
2023-02-01,98138904,885.18,0.0
2023-02-01,98156945,449.81,0.0
2023-02-01,98159348,703.62,0.0
2023-02-01,98221133,694.44,97.92
2023-02-01,98237008,437.26,0.0
2023-02-01,98336782,266.46,0.0
2023-02-01,98353764,763.6,0.0
2023-02-01,98372749,488.18999999999994,85.33
2023-02-01,98377332,343.09,0.0
2023-02-01,98459176,-61.61,-229.8
2023-02-01,98517701,277.91,0.0
2023-02-01,98568929,396.03,0.0
2023-02-01,98575383,785.13,-152.59
2023-02-01,98596312,768.92,0.0
2023-02-01,98611122,1130.42,-72.22999999999999
2023-02-01,98620342,976.13,0.0
2023-02-01,98671410,262.01,-129.26999999999998
2023-02-01,98717357,183.63,0.0
2023-02-01,98776498,79.4,0.0
2023-02-01,98821521,851.8,-54.71
2023-02-01,98849007,62.71,4.45
2023-02-01,98882065,1371.13,16.960000000000008
2023-02-01,98882225,881.65,0.0
2023-02-01,98886699,453.17,152.86
2023-02-01,98931016,561.33,0.0
2023-02-01,98940578,59.28,0.0
2023-02-01,99000939,155.29,0.0
2023-02-01,99015119,443.55,0.0
2023-02-01,99244906,876.68,-88.65
2023-02-01,99261094,356.3,-119.5
2023-02-01,99296816,568.42,-246.14
2023-02-01,99481977,1054.1,114.04
2023-02-01,99496896,431.32,0.0
2023-02-01,99514298,81.64,-73.14
2023-02-01,99553778,621.65,0.0
2023-02-01,99611232,729.98,-119.74
2023-02-01,99657974,148.85,-114.47
2023-02-01,99678854,664.0,0.0
2023-02-01,99685765,43.01,0.0
2023-02-01,99709741,98.23,0.0
2023-02-01,99729369,-443.39,-1194.4
2023-02-01,99730589,988.44,0.0
2023-02-01,99734848,354.29,0.0
2023-02-01,99760030,988.0,0.0
2023-02-01,99791709,15.05,0.0
2023-02-01,99877007,478.84,-103.16
2023-02-01,99937043,989.64,71.22
